Instance,Terminal,Layer,X location,Y location,Voltage
FILLER_42_241,VPWR,li1,117.0700,127.8400,1.799997
FILLER_42_233,VPWR,li1,114.5400,127.8400,1.799997
FILLER_42_217,VPWR,li1,106.0300,127.8400,1.799997
FILLER_42_209,VPWR,li1,103.5000,127.8400,1.799997
FILLER_42_197,VPWR,li1,98.9000,127.8400,1.799997
FILLER_42_193,VPWR,li1,94.9900,127.8400,1.799997
FILLER_42_181,VPWR,li1,91.5400,127.8400,1.799997
FILLER_42_169,VPWR,li1,86.0200,127.8400,1.799997
FILLER_42_165,VPWR,li1,82.1100,127.8400,1.799997
FILLER_42_153,VPWR,li1,78.6600,127.8400,1.799997
FILLER_42_141,VPWR,li1,73.1400,127.8400,1.799997
FILLER_42_138,VPWR,li1,69.4600,127.8400,1.799997
FILLER_42_125,VPWR,li1,63.7100,127.8400,1.799998
FILLER_42_113,VPWR,li1,60.2600,127.8400,1.799998
FILLER_42_111,VPWR,li1,56.8100,127.8400,1.799998
FILLER_42_103,VPWR,li1,54.7400,127.8400,1.799998
FILLER_42_91,VPWR,li1,50.1400,127.8400,1.799998
FILLER_42_85,VPWR,li1,45.3100,127.8400,1.799998
FILLER_42_81,VPWR,li1,43.4700,127.8400,1.799998
FILLER_42_69,VPWR,li1,40.0200,127.8400,1.799999
FILLER_42_57,VPWR,li1,34.5000,127.8400,1.799999
FILLER_42_53,VPWR,li1,30.5900,127.8400,1.799999
FILLER_42_41,VPWR,li1,27.1400,127.8400,1.799999
FILLER_42_29,VPWR,li1,21.6200,127.8400,1.800000
FILLER_42_22,VPWR,li1,17.0200,127.8400,1.800000
FILLER_42_15,VPWR,li1,13.3400,127.8400,1.800000
FILLER_42_3,VPWR,li1,9.6600,127.8400,1.800000
FILLER_41_249,VPWR,li1,120.7500,122.4000,1.799903
FILLER_41_237,VPWR,li1,117.3000,122.4000,1.799903
FILLER_41_225,VPWR,li1,111.7800,122.4000,1.799903
FILLER_41_223,VPWR,li1,108.3300,122.4000,1.799903
FILLER_41_211,VPWR,li1,105.3400,122.4000,1.799903
FILLER_41_189,VPWR,li1,92.9200,122.4000,1.799905
FILLER_41_164,VPWR,li1,81.8800,122.4000,1.799908
FILLER_41_152,VPWR,li1,78.2000,122.4000,1.799909
FILLER_41_131,VPWR,li1,66.0100,122.4000,1.799918
FILLER_41_113,VPWR,li1,57.9600,122.4000,1.799926
FILLER_41_111,VPWR,li1,56.8100,122.4000,1.799926
FILLER_41_84,VPWR,li1,44.3900,122.4000,1.799943
FILLER_41_77,VPWR,li1,41.8600,122.4000,1.799947
FILLER_41_65,VPWR,li1,38.1800,122.4000,1.799952
FILLER_41_57,VPWR,li1,32.2000,122.4000,1.799959
FILLER_41_52,VPWR,li1,30.3600,122.4000,1.799962
FILLER_41_48,VPWR,li1,27.8300,122.4000,1.799967
FILLER_41_44,VPWR,li1,25.9900,122.4000,1.799970
FILLER_41_36,VPWR,li1,23.9200,122.4000,1.799974
FILLER_41_15,VPWR,li1,12.6500,122.4000,1.799977
FILLER_41_3,VPWR,li1,9.6600,122.4000,1.799977
FILLER_40_251,VPWR,li1,121.2100,122.4000,1.799903
FILLER_40_245,VPWR,li1,119.6000,122.4000,1.799903
FILLER_40_233,VPWR,li1,115.4600,122.4000,1.799903
FILLER_40_221,VPWR,li1,109.9400,122.4000,1.799903
FILLER_40_209,VPWR,li1,104.4200,122.4000,1.799903
FILLER_40_197,VPWR,li1,98.9000,122.4000,1.799903
FILLER_40_190,VPWR,li1,94.3000,122.4000,1.799904
FILLER_40_175,VPWR,li1,87.8600,122.4000,1.799906
FILLER_40_165,VPWR,li1,82.3400,122.4000,1.799908
FILLER_40_141,VPWR,li1,71.3000,122.4000,1.799913
FILLER_40_105,VPWR,li1,54.5100,122.4000,1.799928
FILLER_40_82,VPWR,li1,43.7000,122.4000,1.799943
FILLER_40_70,VPWR,li1,40.4800,122.4000,1.799947
FILLER_40_45,VPWR,li1,26.4500,122.4000,1.799970
FILLER_40_41,VPWR,li1,25.3000,122.4000,1.799974
FILLER_40_29,VPWR,li1,21.6200,122.4000,1.799979
FILLER_40_22,VPWR,li1,17.0200,122.4000,1.799977
FILLER_40_15,VPWR,li1,13.3400,122.4000,1.799977
FILLER_40_3,VPWR,li1,9.6600,122.4000,1.799977
FILLER_39_245,VPWR,li1,118.9100,116.9600,1.799930
FILLER_39_237,VPWR,li1,116.3800,116.9600,1.799930
FILLER_39_225,VPWR,li1,111.7800,116.9600,1.799930
FILLER_39_216,VPWR,li1,106.7200,116.9600,1.799930
FILLER_39_204,VPWR,li1,102.1200,116.9600,1.799930
FILLER_39_192,VPWR,li1,96.6000,116.9600,1.799931
FILLER_39_181,VPWR,li1,89.4700,116.9600,1.799933
FILLER_39_169,VPWR,li1,86.0200,116.9600,1.799934
FILLER_39_167,VPWR,li1,82.5700,116.9600,1.799936
FILLER_39_161,VPWR,li1,80.9600,116.9600,1.799936
FILLER_39_126,VPWR,li1,65.3200,116.9600,1.799940
FILLER_39_117,VPWR,li1,59.5700,116.9600,1.799942
FILLER_39_113,VPWR,li1,58.4200,116.9600,1.799942
FILLER_39_109,VPWR,li1,56.3500,116.9600,1.799943
FILLER_39_100,VPWR,li1,52.2100,116.9600,1.799944
FILLER_39_14,VPWR,li1,12.4200,116.9600,1.799973
FILLER_39_3,VPWR,li1,8.7400,116.9600,1.799973
FILLER_38_250,VPWR,li1,120.9800,116.9600,1.799930
FILLER_38_242,VPWR,li1,118.6800,116.9600,1.799930
FILLER_38_230,VPWR,li1,114.0800,116.9600,1.799930
FILLER_38_218,VPWR,li1,108.5600,116.9600,1.799930
FILLER_38_194,VPWR,li1,95.2200,116.9600,1.799931
FILLER_38_154,VPWR,li1,77.0500,116.9600,1.799937
FILLER_38_146,VPWR,li1,74.5200,116.9600,1.799938
FILLER_38_138,VPWR,li1,69.4600,116.9600,1.799939
FILLER_38_130,VPWR,li1,67.1600,116.9600,1.799940
FILLER_38_124,VPWR,li1,63.2500,116.9600,1.799941
FILLER_38_117,VPWR,li1,59.5700,116.9600,1.799942
FILLER_38_113,VPWR,li1,58.4200,116.9600,1.799942
FILLER_38_105,VPWR,li1,54.5100,116.9600,1.799943
FILLER_38_83,VPWR,li1,43.9300,116.9600,1.799950
FILLER_38_72,VPWR,li1,40.4800,116.9600,1.799952
FILLER_38_45,VPWR,li1,26.4500,116.9600,1.799971
FILLER_38_39,VPWR,li1,24.8400,116.9600,1.799971
FILLER_38_32,VPWR,li1,20.4700,116.9600,1.799975
FILLER_38_27,VPWR,li1,18.1700,116.9600,1.799974
FILLER_38_3,VPWR,li1,7.8200,116.9600,1.799973
FILLER_37_249,VPWR,li1,120.7500,111.5200,1.799937
FILLER_37_237,VPWR,li1,117.3000,111.5200,1.799937
FILLER_37_225,VPWR,li1,111.7800,111.5200,1.799937
FILLER_37_218,VPWR,li1,107.1800,111.5200,1.799937
FILLER_37_206,VPWR,li1,103.0400,111.5200,1.799937
FILLER_37_181,VPWR,li1,89.0100,111.5200,1.799939
FILLER_37_169,VPWR,li1,86.0200,111.5200,1.799940
FILLER_37_167,VPWR,li1,82.5700,111.5200,1.799941
FILLER_37_157,VPWR,li1,78.4300,111.5200,1.799943
FILLER_37_145,VPWR,li1,74.9800,111.5200,1.799945
FILLER_37_120,VPWR,li1,61.6400,111.5200,1.799953
FILLER_37_111,VPWR,li1,56.8100,111.5200,1.799959
FILLER_37_105,VPWR,li1,55.2000,111.5200,1.799959
FILLER_37_93,VPWR,li1,51.0600,111.5200,1.799963
FILLER_37_81,VPWR,li1,45.5400,111.5200,1.799968
FILLER_37_69,VPWR,li1,40.0200,111.5200,1.799972
FILLER_37_57,VPWR,li1,33.1200,111.5200,1.799980
FILLER_37_52,VPWR,li1,29.6700,111.5200,1.799981
FILLER_37_37,VPWR,li1,25.3000,111.5200,1.799985
FILLER_37_15,VPWR,li1,12.8800,111.5200,1.799987
FILLER_37_3,VPWR,li1,9.6600,111.5200,1.799987
FILLER_36_245,VPWR,li1,118.9100,111.5200,1.799937
FILLER_36_241,VPWR,li1,116.6100,111.5200,1.799937
FILLER_36_237,VPWR,li1,115.4600,111.5200,1.799937
FILLER_36_221,VPWR,li1,109.0200,111.5200,1.799937
FILLER_36_209,VPWR,li1,104.4200,111.5200,1.799937
FILLER_36_197,VPWR,li1,98.9000,111.5200,1.799937
FILLER_36_188,VPWR,li1,93.8400,111.5200,1.799938
FILLER_36_176,VPWR,li1,89.2400,111.5200,1.799939
FILLER_36_153,VPWR,li1,76.5900,111.5200,1.799945
FILLER_36_141,VPWR,li1,73.1400,111.5200,1.799946
FILLER_36_139,VPWR,li1,69.6900,111.5200,1.799948
FILLER_36_117,VPWR,li1,59.8000,111.5200,1.799955
FILLER_36_109,VPWR,li1,57.5000,111.5200,1.799957
FILLER_36_97,VPWR,li1,52.9000,111.5200,1.799961
FILLER_36_85,VPWR,li1,47.3800,111.5200,1.799966
FILLER_36_76,VPWR,li1,42.3200,111.5200,1.799970
FILLER_36_64,VPWR,li1,37.7200,111.5200,1.799974
FILLER_36_53,VPWR,li1,31.7400,111.5200,1.799980
FILLER_36_41,VPWR,li1,27.1400,111.5200,1.799983
FILLER_36_29,VPWR,li1,21.6200,111.5200,1.799988
FILLER_36_27,VPWR,li1,18.1700,111.5200,1.799987
FILLER_36_15,VPWR,li1,15.1800,111.5200,1.799987
FILLER_36_3,VPWR,li1,9.6600,111.5200,1.799987
FILLER_35_251,VPWR,li1,121.2100,106.0800,1.799907
FILLER_35_245,VPWR,li1,119.6000,106.0800,1.799907
FILLER_35_223,VPWR,li1,108.3300,106.0800,1.799907
FILLER_35_217,VPWR,li1,106.7200,106.0800,1.799907
FILLER_35_205,VPWR,li1,102.5800,106.0800,1.799907
FILLER_35_193,VPWR,li1,97.0600,106.0800,1.799907
FILLER_35_181,VPWR,li1,91.5400,106.0800,1.799907
FILLER_35_169,VPWR,li1,86.0200,106.0800,1.799907
FILLER_35_156,VPWR,li1,80.0400,106.0800,1.799907
FILLER_35_125,VPWR,li1,63.7100,106.0800,1.799907
FILLER_35_113,VPWR,li1,60.2600,106.0800,1.799908
FILLER_35_104,VPWR,li1,55.2000,106.0800,1.799908
FILLER_35_98,VPWR,li1,51.2900,106.0800,1.799909
FILLER_35_90,VPWR,li1,47.3800,106.0800,1.799911
FILLER_35_78,VPWR,li1,44.1600,106.0800,1.799912
FILLER_35_57,VPWR,li1,31.9700,106.0800,1.799935
FILLER_35_49,VPWR,li1,28.2900,106.0800,1.799942
FILLER_35_41,VPWR,li1,26.2200,106.0800,1.799949
FILLER_35_29,VPWR,li1,21.6200,106.0800,1.799964
FILLER_35_17,VPWR,li1,16.1000,106.0800,1.799963
FILLER_35_11,VPWR,li1,11.2700,106.0800,1.799962
FILLER_35_3,VPWR,li1,8.7400,106.0800,1.799962
FILLER_34_251,VPWR,li1,121.2100,106.0800,1.799907
FILLER_34_247,VPWR,li1,120.0600,106.0800,1.799907
FILLER_34_224,VPWR,li1,109.2500,106.0800,1.799907
FILLER_34_203,VPWR,li1,99.1300,106.0800,1.799907
FILLER_34_197,VPWR,li1,97.5200,106.0800,1.799907
FILLER_34_195,VPWR,li1,95.4500,106.0800,1.799907
FILLER_34_183,VPWR,li1,92.4600,106.0800,1.799907
FILLER_34_171,VPWR,li1,86.9400,106.0800,1.799907
FILLER_34_159,VPWR,li1,81.4200,106.0800,1.799907
FILLER_34_149,VPWR,li1,74.2900,106.0800,1.799907
FILLER_34_141,VPWR,li1,72.2200,106.0800,1.799907
FILLER_34_136,VPWR,li1,69.0000,106.0800,1.799907
FILLER_34_115,VPWR,li1,59.8000,106.0800,1.799908
FILLER_34_88,VPWR,li1,46.2300,106.0800,1.799911
FILLER_34_83,VPWR,li1,43.9300,106.0800,1.799912
FILLER_34_75,VPWR,li1,41.8600,106.0800,1.799913
FILLER_34_41,VPWR,li1,26.2200,106.0800,1.799949
FILLER_34_29,VPWR,li1,21.6200,106.0800,1.799964
FILLER_34_3,VPWR,li1,7.3600,106.0800,1.799962
FILLER_33_246,VPWR,li1,119.3700,100.6400,1.799913
FILLER_33_239,VPWR,li1,115.6900,100.6400,1.799913
FILLER_33_169,VPWR,li1,83.4900,100.6400,1.799914
FILLER_33_160,VPWR,li1,80.9600,100.6400,1.799914
FILLER_33_119,VPWR,li1,60.4900,100.6400,1.799921
FILLER_33_113,VPWR,li1,58.8800,100.6400,1.799923
FILLER_33_108,VPWR,li1,56.1200,100.6400,1.799924
FILLER_33_85,VPWR,li1,45.3100,100.6400,1.799935
FILLER_33_77,VPWR,li1,42.7800,100.6400,1.799938
FILLER_33_3,VPWR,li1,7.8200,100.6400,1.799969
FILLER_32_249,VPWR,li1,120.7500,100.6400,1.799913
FILLER_32_241,VPWR,li1,118.2200,100.6400,1.799913
FILLER_32_231,VPWR,li1,112.7000,100.6400,1.799913
FILLER_32_219,VPWR,li1,109.0200,100.6400,1.799913
FILLER_32_207,VPWR,li1,103.5000,100.6400,1.799913
FILLER_32_197,VPWR,li1,96.3700,100.6400,1.799913
FILLER_32_190,VPWR,li1,94.3000,100.6400,1.799913
FILLER_32_180,VPWR,li1,88.5500,100.6400,1.799914
FILLER_32_149,VPWR,li1,74.5200,100.6400,1.799915
FILLER_32_141,VPWR,li1,72.2200,100.6400,1.799916
FILLER_32_130,VPWR,li1,65.5500,100.6400,1.799918
FILLER_32_118,VPWR,li1,62.5600,100.6400,1.799920
FILLER_32_97,VPWR,li1,50.3700,100.6400,1.799929
FILLER_32_85,VPWR,li1,47.3800,100.6400,1.799932
FILLER_32_80,VPWR,li1,43.2400,100.6400,1.799938
FILLER_32_68,VPWR,li1,39.5600,100.6400,1.799942
FILLER_32_44,VPWR,li1,25.9900,100.6400,1.799962
FILLER_32_32,VPWR,li1,23.0000,100.6400,1.799969
FILLER_32_7,VPWR,li1,8.9700,100.6400,1.799969
FILLER_32_3,VPWR,li1,7.8200,100.6400,1.799969
FILLER_31_250,VPWR,li1,120.9800,95.2000,1.799915
FILLER_31_229,VPWR,li1,111.0900,95.2000,1.799915
FILLER_31_225,VPWR,li1,109.9400,95.2000,1.799915
FILLER_31_223,VPWR,li1,108.3300,95.2000,1.799915
FILLER_31_215,VPWR,li1,106.2600,95.2000,1.799915
FILLER_31_203,VPWR,li1,101.6600,95.2000,1.799915
FILLER_31_169,VPWR,li1,83.4900,95.2000,1.799915
FILLER_31_157,VPWR,li1,78.4300,95.2000,1.799915
FILLER_31_149,VPWR,li1,75.9000,95.2000,1.799915
FILLER_31_137,VPWR,li1,71.3000,95.2000,1.799915
FILLER_31_125,VPWR,li1,65.7800,95.2000,1.799915
FILLER_31_113,VPWR,li1,60.2600,95.2000,1.799915
FILLER_31_100,VPWR,li1,54.2800,95.2000,1.799917
FILLER_31_76,VPWR,li1,41.4000,95.2000,1.799920
FILLER_31_64,VPWR,li1,37.7200,95.2000,1.799922
FILLER_31_55,VPWR,li1,31.0500,95.2000,1.799940
FILLER_31_51,VPWR,li1,29.9000,95.2000,1.799940
FILLER_31_39,VPWR,li1,26.2200,95.2000,1.799952
FILLER_31_15,VPWR,li1,13.3400,95.2000,1.799965
FILLER_31_3,VPWR,li1,9.6600,95.2000,1.799965
FILLER_30_246,VPWR,li1,119.1400,95.2000,1.799915
FILLER_30_238,VPWR,li1,116.8400,95.2000,1.799915
FILLER_30_197,VPWR,li1,96.3700,95.2000,1.799915
FILLER_30_195,VPWR,li1,95.4500,95.2000,1.799915
FILLER_30_189,VPWR,li1,93.8400,95.2000,1.799915
FILLER_30_177,VPWR,li1,89.7000,95.2000,1.799915
FILLER_30_165,VPWR,li1,84.1800,95.2000,1.799915
FILLER_30_153,VPWR,li1,78.6600,95.2000,1.799915
FILLER_30_141,VPWR,li1,73.1400,95.2000,1.799915
FILLER_30_139,VPWR,li1,69.6900,95.2000,1.799915
FILLER_30_117,VPWR,li1,59.8000,95.2000,1.799915
FILLER_30_109,VPWR,li1,57.5000,95.2000,1.799916
FILLER_30_97,VPWR,li1,52.9000,95.2000,1.799917
FILLER_30_85,VPWR,li1,47.3800,95.2000,1.799918
FILLER_30_83,VPWR,li1,43.9300,95.2000,1.799919
FILLER_30_53,VPWR,li1,30.3600,95.2000,1.799940
FILLER_30_41,VPWR,li1,27.1400,95.2000,1.799952
FILLER_30_29,VPWR,li1,21.6200,95.2000,1.799966
FILLER_30_27,VPWR,li1,18.1700,95.2000,1.799965
FILLER_30_15,VPWR,li1,15.1800,95.2000,1.799965
FILLER_30_3,VPWR,li1,9.6600,95.2000,1.799965
FILLER_29_251,VPWR,li1,121.2100,89.7600,1.799845
FILLER_29_247,VPWR,li1,120.0600,89.7600,1.799845
FILLER_29_225,VPWR,li1,109.4800,89.7600,1.799845
FILLER_29_212,VPWR,li1,103.5000,89.7600,1.799845
FILLER_29_199,VPWR,li1,97.5200,89.7600,1.799845
FILLER_29_191,VPWR,li1,95.2200,89.7600,1.799845
FILLER_29_173,VPWR,li1,85.3300,89.7600,1.799846
FILLER_29_169,VPWR,li1,84.1800,89.7600,1.799847
FILLER_29_162,VPWR,li1,81.4200,89.7600,1.799848
FILLER_29_133,VPWR,li1,67.6200,89.7600,1.799858
FILLER_29_110,VPWR,li1,56.5800,89.7600,1.799874
FILLER_29_55,VPWR,li1,31.0500,89.7600,1.799938
FILLER_29_27,VPWR,li1,19.7800,89.7600,1.799968
FILLER_29_15,VPWR,li1,15.1800,89.7600,1.799968
FILLER_29_3,VPWR,li1,9.6600,89.7600,1.799968
FILLER_28_250,VPWR,li1,120.9800,89.7600,1.799845
FILLER_28_242,VPWR,li1,118.6800,89.7600,1.799845
FILLER_28_228,VPWR,li1,110.8600,89.7600,1.799845
FILLER_28_209,VPWR,li1,104.4200,89.7600,1.799845
FILLER_28_197,VPWR,li1,97.9800,89.7600,1.799845
FILLER_28_195,VPWR,li1,95.4500,89.7600,1.799845
FILLER_28_191,VPWR,li1,94.3000,89.7600,1.799845
FILLER_28_161,VPWR,li1,80.5000,89.7600,1.799848
FILLER_28_145,VPWR,li1,72.4500,89.7600,1.799853
FILLER_28_141,VPWR,li1,71.3000,89.7600,1.799853
FILLER_28_137,VPWR,li1,69.2300,89.7600,1.799855
FILLER_28_100,VPWR,li1,51.9800,89.7600,1.799883
FILLER_28_92,VPWR,li1,49.6800,89.7600,1.799889
FILLER_28_82,VPWR,li1,43.7000,89.7600,1.799901
FILLER_28_58,VPWR,li1,33.1200,89.7600,1.799930
FILLER_28_47,VPWR,li1,27.8300,89.7600,1.799945
FILLER_28_37,VPWR,li1,23.0000,89.7600,1.799960
FILLER_28_29,VPWR,li1,20.7000,89.7600,1.799968
FILLER_28_27,VPWR,li1,18.1700,89.7600,1.799968
FILLER_28_15,VPWR,li1,15.1800,89.7600,1.799968
FILLER_28_3,VPWR,li1,9.6600,89.7600,1.799968
FILLER_27_245,VPWR,li1,118.9100,84.3200,1.799782
FILLER_27_223,VPWR,li1,108.3300,84.3200,1.799782
FILLER_27_215,VPWR,li1,106.2600,84.3200,1.799782
FILLER_27_169,VPWR,li1,83.9500,84.3200,1.799782
FILLER_27_167,VPWR,li1,82.5700,84.3200,1.799782
FILLER_27_161,VPWR,li1,80.9600,84.3200,1.799782
FILLER_27_125,VPWR,li1,63.7100,84.3200,1.799803
FILLER_27_113,VPWR,li1,58.4200,84.3200,1.799820
FILLER_27_105,VPWR,li1,54.0500,84.3200,1.799835
FILLER_27_93,VPWR,li1,51.0600,84.3200,1.799847
FILLER_27_78,VPWR,li1,42.7800,84.3200,1.799883
FILLER_27_49,VPWR,li1,28.2900,84.3200,1.799936
FILLER_27_37,VPWR,li1,23.0000,84.3200,1.799957
FILLER_27_15,VPWR,li1,12.8800,84.3200,1.799954
FILLER_27_3,VPWR,li1,9.6600,84.3200,1.799954
FILLER_26_249,VPWR,li1,120.7500,84.3200,1.799782
FILLER_26_241,VPWR,li1,118.2200,84.3200,1.799782
FILLER_26_229,VPWR,li1,113.6200,84.3200,1.799782
FILLER_26_217,VPWR,li1,108.1000,84.3200,1.799782
FILLER_26_184,VPWR,li1,92.9200,84.3200,1.799782
FILLER_26_172,VPWR,li1,87.4000,84.3200,1.799782
FILLER_26_141,VPWR,li1,71.0700,84.3200,1.799786
FILLER_26_133,VPWR,li1,66.9300,84.3200,1.799793
FILLER_26_121,VPWR,li1,63.9400,84.3200,1.799803
FILLER_26_97,VPWR,li1,51.0600,84.3200,1.799847
FILLER_26_85,VPWR,li1,47.3800,84.3200,1.799860
FILLER_26_82,VPWR,li1,43.7000,84.3200,1.799874
FILLER_26_74,VPWR,li1,41.4000,84.3200,1.799883
FILLER_26_62,VPWR,li1,36.8000,84.3200,1.799902
FILLER_26_54,VPWR,li1,30.8200,84.3200,1.799926
FILLER_26_46,VPWR,li1,28.5200,84.3200,1.799936
FILLER_26_29,VPWR,li1,19.3200,84.3200,1.799955
FILLER_26_15,VPWR,li1,13.3400,84.3200,1.799954
FILLER_26_3,VPWR,li1,9.6600,84.3200,1.799954
FILLER_25_250,VPWR,li1,120.9800,78.8800,1.799927
FILLER_25_238,VPWR,li1,117.7600,78.8800,1.799927
FILLER_25_225,VPWR,li1,110.4000,78.8800,1.799927
FILLER_25_223,VPWR,li1,108.3300,78.8800,1.799927
FILLER_25_216,VPWR,li1,105.1100,78.8800,1.799927
FILLER_25_204,VPWR,li1,102.1200,78.8800,1.799927
FILLER_25_192,VPWR,li1,96.6000,78.8800,1.799927
FILLER_25_169,VPWR,li1,84.6400,78.8800,1.799928
FILLER_25_166,VPWR,li1,82.3400,78.8800,1.799929
FILLER_25_158,VPWR,li1,80.0400,78.8800,1.799929
FILLER_25_145,VPWR,li1,72.4500,78.8800,1.799932
FILLER_25_133,VPWR,li1,69.4600,78.8800,1.799933
FILLER_25_121,VPWR,li1,63.9400,78.8800,1.799935
FILLER_25_113,VPWR,li1,57.9600,78.8800,1.799938
FILLER_25_111,VPWR,li1,56.8100,78.8800,1.799939
FILLER_25_107,VPWR,li1,55.6600,78.8800,1.799939
FILLER_25_95,VPWR,li1,51.9800,78.8800,1.799941
FILLER_25_80,VPWR,li1,45.0800,78.8800,1.799945
FILLER_25_70,VPWR,li1,37.9500,78.8800,1.799952
FILLER_25_66,VPWR,li1,36.8000,78.8800,1.799952
FILLER_25_55,VPWR,li1,31.0500,78.8800,1.799959
FILLER_25_47,VPWR,li1,28.9800,78.8800,1.799963
FILLER_25_35,VPWR,li1,24.3800,78.8800,1.799973
FILLER_25_3,VPWR,li1,9.6600,78.8800,1.799976
FILLER_24_229,VPWR,li1,111.5500,78.8800,1.799927
FILLER_24_217,VPWR,li1,108.1000,78.8800,1.799927
FILLER_24_194,VPWR,li1,95.2200,78.8800,1.799927
FILLER_24_186,VPWR,li1,92.9200,78.8800,1.799927
FILLER_24_165,VPWR,li1,81.6500,78.8800,1.799929
FILLER_24_161,VPWR,li1,80.5000,78.8800,1.799929
FILLER_24_134,VPWR,li1,68.5400,78.8800,1.799933
FILLER_24_122,VPWR,li1,64.4000,78.8800,1.799935
FILLER_24_111,VPWR,li1,57.5000,78.8800,1.799938
FILLER_24_60,VPWR,li1,34.0400,78.8800,1.799956
FILLER_24_37,VPWR,li1,23.2300,78.8800,1.799973
FILLER_24_29,VPWR,li1,20.7000,78.8800,1.799978
FILLER_24_27,VPWR,li1,18.1700,78.8800,1.799976
FILLER_24_15,VPWR,li1,15.1800,78.8800,1.799976
FILLER_24_3,VPWR,li1,9.6600,78.8800,1.799976
FILLER_23_245,VPWR,li1,118.9100,73.4400,1.799752
FILLER_23_210,VPWR,li1,103.9600,73.4400,1.799752
FILLER_23_197,VPWR,li1,97.0600,73.4400,1.799752
FILLER_23_165,VPWR,li1,82.1100,73.4400,1.799753
FILLER_23_113,VPWR,li1,58.4200,73.4400,1.799769
FILLER_23_106,VPWR,li1,55.6600,73.4400,1.799773
FILLER_23_83,VPWR,li1,45.5400,73.4400,1.799803
FILLER_23_57,VPWR,li1,33.1200,73.4400,1.799877
FILLER_23_53,VPWR,li1,30.5900,73.4400,1.799891
FILLER_23_39,VPWR,li1,24.8400,73.4400,1.799925
FILLER_23_27,VPWR,li1,20.7000,73.4400,1.799940
FILLER_23_15,VPWR,li1,15.1800,73.4400,1.799940
FILLER_23_3,VPWR,li1,9.6600,73.4400,1.799940
FILLER_22_251,VPWR,li1,121.2100,73.4400,1.799752
FILLER_22_243,VPWR,li1,119.1400,73.4400,1.799752
FILLER_22_231,VPWR,li1,114.5400,73.4400,1.799752
FILLER_22_217,VPWR,li1,106.7200,73.4400,1.799752
FILLER_22_195,VPWR,li1,95.4500,73.4400,1.799752
FILLER_22_183,VPWR,li1,92.4600,73.4400,1.799752
FILLER_22_173,VPWR,li1,85.3300,73.4400,1.799752
FILLER_22_167,VPWR,li1,83.7200,73.4400,1.799753
FILLER_22_155,VPWR,li1,79.5800,73.4400,1.799754
FILLER_22_141,VPWR,li1,70.8400,73.4400,1.799758
FILLER_22_128,VPWR,li1,67.1600,73.4400,1.799761
FILLER_22_85,VPWR,li1,45.3100,73.4400,1.799803
FILLER_22_81,VPWR,li1,43.4700,73.4400,1.799812
FILLER_22_71,VPWR,li1,38.4100,73.4400,1.799844
FILLER_22_67,VPWR,li1,37.2600,73.4400,1.799844
FILLER_22_38,VPWR,li1,23.2300,73.4400,1.799925
FILLER_22_27,VPWR,li1,18.1700,73.4400,1.799940
FILLER_22_15,VPWR,li1,15.1800,73.4400,1.799940
FILLER_22_3,VPWR,li1,9.6600,73.4400,1.799940
FILLER_21_246,VPWR,li1,119.1400,68.0000,1.799918
FILLER_21_237,VPWR,li1,115.2300,68.0000,1.799918
FILLER_21_225,VPWR,li1,111.7800,68.0000,1.799918
FILLER_21_220,VPWR,li1,107.6400,68.0000,1.799918
FILLER_21_206,VPWR,li1,102.1200,68.0000,1.799918
FILLER_21_193,VPWR,li1,95.2200,68.0000,1.799918
FILLER_21_181,VPWR,li1,91.5400,68.0000,1.799918
FILLER_21_169,VPWR,li1,86.0200,68.0000,1.799918
FILLER_21_164,VPWR,li1,81.8800,68.0000,1.799918
FILLER_21_152,VPWR,li1,78.2000,68.0000,1.799919
FILLER_21_145,VPWR,li1,72.4500,68.0000,1.799921
FILLER_21_137,VPWR,li1,70.3800,68.0000,1.799923
FILLER_21_125,VPWR,li1,65.7800,68.0000,1.799926
FILLER_21_113,VPWR,li1,60.2600,68.0000,1.799928
FILLER_21_110,VPWR,li1,56.5800,68.0000,1.799931
FILLER_21_99,VPWR,li1,51.7500,68.0000,1.799935
FILLER_21_93,VPWR,li1,48.9900,68.0000,1.799939
FILLER_21_81,VPWR,li1,45.5400,68.0000,1.799943
FILLER_21_69,VPWR,li1,40.0200,68.0000,1.799948
FILLER_21_57,VPWR,li1,34.5000,68.0000,1.799958
FILLER_21_40,VPWR,li1,24.1500,68.0000,1.799975
FILLER_21_15,VPWR,li1,12.8800,68.0000,1.799978
FILLER_21_3,VPWR,li1,9.6600,68.0000,1.799978
FILLER_20_250,VPWR,li1,120.9800,68.0000,1.799918
FILLER_20_229,VPWR,li1,111.0900,68.0000,1.799918
FILLER_20_225,VPWR,li1,109.9400,68.0000,1.799918
FILLER_20_197,VPWR,li1,97.0600,68.0000,1.799918
FILLER_20_195,VPWR,li1,95.4500,68.0000,1.799918
FILLER_20_191,VPWR,li1,94.3000,68.0000,1.799918
FILLER_20_182,VPWR,li1,89.4700,68.0000,1.799918
FILLER_20_169,VPWR,li1,84.1800,68.0000,1.799918
FILLER_20_138,VPWR,li1,69.4600,68.0000,1.799923
FILLER_20_126,VPWR,li1,66.2400,68.0000,1.799925
FILLER_20_91,VPWR,li1,47.8400,68.0000,1.799939
FILLER_20_61,VPWR,li1,34.2700,68.0000,1.799958
FILLER_20_53,VPWR,li1,31.7400,68.0000,1.799962
FILLER_20_41,VPWR,li1,25.7600,68.0000,1.799975
FILLER_20_29,VPWR,li1,21.6200,68.0000,1.799979
FILLER_20_27,VPWR,li1,18.1700,68.0000,1.799978
FILLER_20_15,VPWR,li1,15.1800,68.0000,1.799978
FILLER_20_3,VPWR,li1,9.6600,68.0000,1.799978
FILLER_19_249,VPWR,li1,120.7500,62.5600,1.799930
FILLER_19_237,VPWR,li1,117.3000,62.5600,1.799930
FILLER_19_229,VPWR,li1,111.0900,62.5600,1.799930
FILLER_19_225,VPWR,li1,109.9400,62.5600,1.799930
FILLER_19_223,VPWR,li1,108.3300,62.5600,1.799930
FILLER_19_219,VPWR,li1,107.1800,62.5600,1.799930
FILLER_19_195,VPWR,li1,97.9800,62.5600,1.799930
FILLER_19_166,VPWR,li1,82.3400,62.5600,1.799931
FILLER_19_154,VPWR,li1,79.1200,62.5600,1.799933
FILLER_19_140,VPWR,li1,70.3800,62.5600,1.799935
FILLER_19_129,VPWR,li1,65.7800,62.5600,1.799937
FILLER_19_100,VPWR,li1,52.9000,62.5600,1.799944
FILLER_19_86,VPWR,li1,46.9200,62.5600,1.799949
FILLER_19_69,VPWR,li1,38.1800,62.5600,1.799956
FILLER_19_57,VPWR,li1,34.5000,62.5600,1.799962
FILLER_19_50,VPWR,li1,29.9000,62.5600,1.799969
FILLER_19_43,VPWR,li1,25.5300,62.5600,1.799975
FILLER_19_35,VPWR,li1,23.4600,62.5600,1.799982
FILLER_19_23,VPWR,li1,16.7900,62.5600,1.799982
FILLER_19_15,VPWR,li1,14.2600,62.5600,1.799982
FILLER_19_3,VPWR,li1,9.6600,62.5600,1.799982
FILLER_18_244,VPWR,li1,118.6800,62.5600,1.799930
FILLER_18_237,VPWR,li1,114.7700,62.5600,1.799930
FILLER_18_233,VPWR,li1,113.6200,62.5600,1.799930
FILLER_18_221,VPWR,li1,109.9400,62.5600,1.799930
FILLER_18_209,VPWR,li1,104.4200,62.5600,1.799930
FILLER_18_197,VPWR,li1,98.9000,62.5600,1.799930
FILLER_18_190,VPWR,li1,94.3000,62.5600,1.799930
FILLER_18_169,VPWR,li1,83.4900,62.5600,1.799931
FILLER_18_163,VPWR,li1,81.8800,62.5600,1.799931
FILLER_18_151,VPWR,li1,77.7400,62.5600,1.799933
FILLER_18_141,VPWR,li1,71.3000,62.5600,1.799935
FILLER_18_139,VPWR,li1,69.6900,62.5600,1.799935
FILLER_18_131,VPWR,li1,67.6200,62.5600,1.799936
FILLER_18_100,VPWR,li1,51.7500,62.5600,1.799946
FILLER_18_94,VPWR,li1,50.1400,62.5600,1.799946
FILLER_18_85,VPWR,li1,45.3100,62.5600,1.799951
FILLER_18_63,VPWR,li1,34.7300,62.5600,1.799962
FILLER_18_55,VPWR,li1,32.6600,62.5600,1.799964
FILLER_18_29,VPWR,li1,20.2400,62.5600,1.799982
FILLER_18_27,VPWR,li1,18.1700,62.5600,1.799982
FILLER_18_15,VPWR,li1,15.1800,62.5600,1.799982
FILLER_18_3,VPWR,li1,9.6600,62.5600,1.799982
FILLER_17_251,VPWR,li1,121.2100,57.1200,1.799910
FILLER_17_245,VPWR,li1,119.6000,57.1200,1.799910
FILLER_17_190,VPWR,li1,94.7600,57.1200,1.799910
FILLER_17_169,VPWR,li1,86.0200,57.1200,1.799910
FILLER_17_166,VPWR,li1,82.3400,57.1200,1.799910
FILLER_17_132,VPWR,li1,66.4700,57.1200,1.799917
FILLER_17_126,VPWR,li1,64.8600,57.1200,1.799919
FILLER_17_117,VPWR,li1,59.5700,57.1200,1.799922
FILLER_17_86,VPWR,li1,45.5400,57.1200,1.799936
FILLER_17_55,VPWR,li1,31.0500,57.1200,1.799957
FILLER_17_49,VPWR,li1,29.4400,57.1200,1.799963
FILLER_17_34,VPWR,li1,22.5400,57.1200,1.799976
FILLER_17_11,VPWR,li1,11.2700,57.1200,1.799974
FILLER_17_3,VPWR,li1,8.7400,57.1200,1.799974
FILLER_16_250,VPWR,li1,120.9800,57.1200,1.799910
FILLER_16_242,VPWR,li1,118.6800,57.1200,1.799910
FILLER_16_222,VPWR,li1,107.8700,57.1200,1.799910
FILLER_16_210,VPWR,li1,104.8800,57.1200,1.799910
FILLER_16_201,VPWR,li1,98.2100,57.1200,1.799910
FILLER_16_197,VPWR,li1,97.0600,57.1200,1.799910
FILLER_16_193,VPWR,li1,94.9900,57.1200,1.799910
FILLER_16_161,VPWR,li1,80.5000,57.1200,1.799910
FILLER_16_154,VPWR,li1,76.5900,57.1200,1.799911
FILLER_16_150,VPWR,li1,75.4400,57.1200,1.799911
FILLER_16_141,VPWR,li1,70.8400,57.1200,1.799914
FILLER_16_132,VPWR,li1,66.4700,57.1200,1.799917
FILLER_16_120,VPWR,li1,63.4800,57.1200,1.799919
FILLER_16_108,VPWR,li1,57.9600,57.1200,1.799924
FILLER_16_96,VPWR,li1,52.4400,57.1200,1.799928
FILLER_16_85,VPWR,li1,45.5400,57.1200,1.799936
FILLER_16_81,VPWR,li1,43.4700,57.1200,1.799939
FILLER_16_69,VPWR,li1,40.0200,57.1200,1.799942
FILLER_16_52,VPWR,li1,31.2800,57.1200,1.799957
FILLER_16_45,VPWR,li1,26.4500,57.1200,1.799969
FILLER_16_41,VPWR,li1,25.3000,57.1200,1.799969
FILLER_16_29,VPWR,li1,21.6200,57.1200,1.799976
FILLER_16_27,VPWR,li1,18.1700,57.1200,1.799975
FILLER_16_15,VPWR,li1,15.1800,57.1200,1.799974
FILLER_16_3,VPWR,li1,9.6600,57.1200,1.799974
FILLER_15_251,VPWR,li1,121.2100,51.6800,1.799856
FILLER_15_225,VPWR,li1,110.4000,51.6800,1.799856
FILLER_15_223,VPWR,li1,108.3300,51.6800,1.799856
FILLER_15_217,VPWR,li1,106.7200,51.6800,1.799856
FILLER_15_205,VPWR,li1,102.5800,51.6800,1.799856
FILLER_15_183,VPWR,li1,90.1600,51.6800,1.799856
FILLER_15_173,VPWR,li1,85.3300,51.6800,1.799856
FILLER_15_169,VPWR,li1,84.1800,51.6800,1.799856
FILLER_15_159,VPWR,li1,78.8900,51.6800,1.799856
FILLER_15_155,VPWR,li1,77.7400,51.6800,1.799856
FILLER_15_125,VPWR,li1,63.9400,51.6800,1.799864
FILLER_15_113,VPWR,li1,60.2600,51.6800,1.799868
FILLER_15_110,VPWR,li1,56.5800,51.6800,1.799871
FILLER_15_102,VPWR,li1,54.2800,51.6800,1.799873
FILLER_15_90,VPWR,li1,49.6800,51.6800,1.799877
FILLER_15_78,VPWR,li1,44.1600,51.6800,1.799883
FILLER_15_57,VPWR,li1,31.9700,51.6800,1.799911
FILLER_15_46,VPWR,li1,26.9100,51.6800,1.799935
FILLER_15_23,VPWR,li1,16.5600,51.6800,1.799950
FILLER_15_15,VPWR,li1,14.2600,51.6800,1.799949
FILLER_15_3,VPWR,li1,9.6600,51.6800,1.799949
FILLER_14_236,VPWR,li1,116.8400,51.6800,1.799856
FILLER_14_228,VPWR,li1,110.6300,51.6800,1.799856
FILLER_14_222,VPWR,li1,109.0200,51.6800,1.799856
FILLER_14_210,VPWR,li1,104.8800,51.6800,1.799856
FILLER_14_206,VPWR,li1,100.5100,51.6800,1.799856
FILLER_14_188,VPWR,li1,93.8400,51.6800,1.799856
FILLER_14_176,VPWR,li1,89.2400,51.6800,1.799856
FILLER_14_164,VPWR,li1,83.7200,51.6800,1.799856
FILLER_14_141,VPWR,li1,71.0700,51.6800,1.799860
FILLER_14_138,VPWR,li1,69.4600,51.6800,1.799860
FILLER_14_127,VPWR,li1,64.4000,51.6800,1.799864
FILLER_14_113,VPWR,li1,57.7300,51.6800,1.799871
FILLER_14_105,VPWR,li1,54.2800,51.6800,1.799873
FILLER_14_97,VPWR,li1,51.9800,51.6800,1.799875
FILLER_14_85,VPWR,li1,47.3800,51.6800,1.799879
FILLER_14_82,VPWR,li1,43.7000,51.6800,1.799883
FILLER_14_50,VPWR,li1,29.2100,51.6800,1.799927
FILLER_14_42,VPWR,li1,25.7600,51.6800,1.799935
FILLER_14_29,VPWR,li1,19.7800,51.6800,1.799951
FILLER_14_7,VPWR,li1,8.9700,51.6800,1.799949
FILLER_14_3,VPWR,li1,7.8200,51.6800,1.799949
FILLER_13_251,VPWR,li1,121.2100,46.2400,1.799870
FILLER_13_243,VPWR,li1,119.1400,46.2400,1.799870
FILLER_13_231,VPWR,li1,114.5400,46.2400,1.799870
FILLER_13_203,VPWR,li1,99.1300,46.2400,1.799870
FILLER_13_164,VPWR,li1,81.8800,46.2400,1.799872
FILLER_13_148,VPWR,li1,73.8300,46.2400,1.799874
FILLER_13_108,VPWR,li1,55.4300,46.2400,1.799889
FILLER_13_99,VPWR,li1,51.2900,46.2400,1.799896
FILLER_13_77,VPWR,li1,41.1700,46.2400,1.799922
FILLER_13_65,VPWR,li1,36.1100,46.2400,1.799933
FILLER_13_57,VPWR,li1,33.5800,46.2400,1.799940
FILLER_13_33,VPWR,li1,22.5400,46.2400,1.799973
FILLER_13_23,VPWR,li1,16.3300,46.2400,1.799973
FILLER_13_15,VPWR,li1,14.2600,46.2400,1.799973
FILLER_13_3,VPWR,li1,9.6600,46.2400,1.799973
FILLER_12_245,VPWR,li1,118.9100,46.2400,1.799870
FILLER_12_238,VPWR,li1,115.2300,46.2400,1.799870
FILLER_12_229,VPWR,li1,111.3200,46.2400,1.799870
FILLER_12_217,VPWR,li1,108.1000,46.2400,1.799870
FILLER_12_206,VPWR,li1,100.9700,46.2400,1.799870
FILLER_12_173,VPWR,li1,85.7900,46.2400,1.799870
FILLER_12_165,VPWR,li1,82.1100,46.2400,1.799872
FILLER_12_153,VPWR,li1,78.6600,46.2400,1.799872
FILLER_12_141,VPWR,li1,73.1400,46.2400,1.799875
FILLER_12_134,VPWR,li1,68.5400,46.2400,1.799876
FILLER_12_128,VPWR,li1,65.0900,46.2400,1.799879
FILLER_12_94,VPWR,li1,49.2200,46.2400,1.799900
FILLER_12_68,VPWR,li1,37.0300,46.2400,1.799933
FILLER_12_64,VPWR,li1,35.8800,46.2400,1.799933
FILLER_12_52,VPWR,li1,32.2000,46.2400,1.799945
FILLER_12_41,VPWR,li1,25.0700,46.2400,1.799963
FILLER_12_29,VPWR,li1,21.6200,46.2400,1.799973
FILLER_12_27,VPWR,li1,18.1700,46.2400,1.799973
FILLER_12_15,VPWR,li1,15.1800,46.2400,1.799973
FILLER_12_3,VPWR,li1,9.6600,46.2400,1.799973
FILLER_11_229,VPWR,li1,111.5500,40.8000,1.799964
FILLER_11_222,VPWR,li1,108.1000,40.8000,1.799964
FILLER_11_206,VPWR,li1,102.1200,40.8000,1.799964
FILLER_11_200,VPWR,li1,98.2100,40.8000,1.799964
FILLER_11_192,VPWR,li1,94.3000,40.8000,1.799964
FILLER_11_184,VPWR,li1,92.0000,40.8000,1.799964
FILLER_11_169,VPWR,li1,84.6400,40.8000,1.799964
FILLER_11_167,VPWR,li1,82.5700,40.8000,1.799964
FILLER_11_161,VPWR,li1,80.9600,40.8000,1.799964
FILLER_11_149,VPWR,li1,75.4400,40.8000,1.799964
FILLER_11_137,VPWR,li1,71.3000,40.8000,1.799964
FILLER_11_125,VPWR,li1,65.7800,40.8000,1.799967
FILLER_11_113,VPWR,li1,60.2600,40.8000,1.799969
FILLER_11_106,VPWR,li1,55.6600,40.8000,1.799971
FILLER_11_100,VPWR,li1,52.2100,40.8000,1.799972
FILLER_11_92,VPWR,li1,49.6800,40.8000,1.799974
FILLER_11_71,VPWR,li1,38.4100,40.8000,1.799979
FILLER_11_65,VPWR,li1,36.8000,40.8000,1.799980
FILLER_11_54,VPWR,li1,30.8200,40.8000,1.799983
FILLER_11_40,VPWR,li1,25.3000,40.8000,1.799986
FILLER_11_28,VPWR,li1,21.1600,40.8000,1.799988
FILLER_11_7,VPWR,li1,8.9700,40.8000,1.799982
FILLER_11_3,VPWR,li1,7.8200,40.8000,1.799982
FILLER_10_248,VPWR,li1,120.5200,40.8000,1.799964
FILLER_10_236,VPWR,li1,116.8400,40.8000,1.799964
FILLER_10_213,VPWR,li1,104.1900,40.8000,1.799964
FILLER_10_205,VPWR,li1,101.6600,40.8000,1.799964
FILLER_10_195,VPWR,li1,95.4500,40.8000,1.799964
FILLER_10_187,VPWR,li1,93.3800,40.8000,1.799964
FILLER_10_175,VPWR,li1,88.7800,40.8000,1.799964
FILLER_10_165,VPWR,li1,81.8800,40.8000,1.799964
FILLER_10_157,VPWR,li1,79.5800,40.8000,1.799964
FILLER_10_141,VPWR,li1,71.7600,40.8000,1.799964
FILLER_10_139,VPWR,li1,69.6900,40.8000,1.799964
FILLER_10_127,VPWR,li1,64.4000,40.8000,1.799967
FILLER_10_109,VPWR,li1,56.3500,40.8000,1.799971
FILLER_10_97,VPWR,li1,52.9000,40.8000,1.799972
FILLER_10_85,VPWR,li1,47.3800,40.8000,1.799975
FILLER_10_80,VPWR,li1,43.2400,40.8000,1.799977
FILLER_10_68,VPWR,li1,39.5600,40.8000,1.799979
FILLER_10_59,VPWR,li1,33.1200,40.8000,1.799982
FILLER_10_29,VPWR,li1,19.0900,40.8000,1.799986
FILLER_10_25,VPWR,li1,17.7100,40.8000,1.799986
FILLER_10_3,VPWR,li1,7.3600,40.8000,1.799982
FILLER_9_246,VPWR,li1,119.1400,35.3600,1.799898
FILLER_9_237,VPWR,li1,115.2300,35.3600,1.799898
FILLER_9_225,VPWR,li1,111.7800,35.3600,1.799898
FILLER_9_223,VPWR,li1,108.3300,35.3600,1.799898
FILLER_9_215,VPWR,li1,104.8800,35.3600,1.799898
FILLER_9_207,VPWR,li1,102.5800,35.3600,1.799898
FILLER_9_190,VPWR,li1,93.1500,35.3600,1.799898
FILLER_9_160,VPWR,li1,80.9600,35.3600,1.799900
FILLER_9_142,VPWR,li1,71.0700,35.3600,1.799907
FILLER_9_118,VPWR,li1,60.0300,35.3600,1.799917
FILLER_9_68,VPWR,li1,37.2600,35.3600,1.799949
FILLER_9_61,VPWR,li1,33.8100,35.3600,1.799958
FILLER_9_57,VPWR,li1,32.6600,35.3600,1.799958
FILLER_9_48,VPWR,li1,29.4400,35.3600,1.799966
FILLER_9_36,VPWR,li1,24.8400,35.3600,1.799976
FILLER_9_27,VPWR,li1,18.1700,35.3600,1.799980
FILLER_9_15,VPWR,li1,15.1800,35.3600,1.799980
FILLER_9_3,VPWR,li1,9.6600,35.3600,1.799980
FILLER_8_251,VPWR,li1,121.2100,35.3600,1.799898
FILLER_8_243,VPWR,li1,119.1400,35.3600,1.799898
FILLER_8_207,VPWR,li1,101.2000,35.3600,1.799898
FILLER_8_169,VPWR,li1,84.6400,35.3600,1.799900
FILLER_8_139,VPWR,li1,69.6900,35.3600,1.799907
FILLER_8_135,VPWR,li1,68.5400,35.3600,1.799909
FILLER_8_124,VPWR,li1,63.0200,35.3600,1.799914
FILLER_8_109,VPWR,li1,55.8900,35.3600,1.799924
FILLER_8_105,VPWR,li1,54.7400,35.3600,1.799924
FILLER_8_82,VPWR,li1,43.7000,35.3600,1.799940
FILLER_8_53,VPWR,li1,30.3600,35.3600,1.799962
FILLER_8_45,VPWR,li1,28.0600,35.3600,1.799966
FILLER_8_21,VPWR,li1,15.4100,35.3600,1.799980
FILLER_8_15,VPWR,li1,13.8000,35.3600,1.799980
FILLER_8_3,VPWR,li1,9.6600,35.3600,1.799980
FILLER_7_250,VPWR,li1,120.9800,29.9200,1.799714
FILLER_7_238,VPWR,li1,117.7600,29.9200,1.799714
FILLER_7_231,VPWR,li1,112.0100,29.9200,1.799714
FILLER_7_225,VPWR,li1,110.4000,29.9200,1.799714
FILLER_7_223,VPWR,li1,108.3300,29.9200,1.799714
FILLER_7_211,VPWR,li1,105.3400,29.9200,1.799714
FILLER_7_177,VPWR,li1,88.7800,29.9200,1.799714
FILLER_7_164,VPWR,li1,81.8800,29.9200,1.799714
FILLER_7_153,VPWR,li1,76.5900,29.9200,1.799715
FILLER_7_125,VPWR,li1,63.2500,29.9200,1.799741
FILLER_7_119,VPWR,li1,61.6400,29.9200,1.799741
FILLER_7_111,VPWR,li1,56.8100,29.9200,1.799759
FILLER_7_86,VPWR,li1,45.5400,29.9200,1.799803
FILLER_7_50,VPWR,li1,28.7500,29.9200,1.799891
FILLER_7_34,VPWR,li1,21.6200,29.9200,1.799933
FILLER_7_25,VPWR,li1,17.2500,29.9200,1.799932
FILLER_7_3,VPWR,li1,7.3600,29.9200,1.799931
FILLER_6_244,VPWR,li1,118.6800,29.9200,1.799714
FILLER_6_216,VPWR,li1,105.1100,29.9200,1.799714
FILLER_6_204,VPWR,li1,102.1200,29.9200,1.799714
FILLER_6_186,VPWR,li1,92.4600,29.9200,1.799714
FILLER_6_174,VPWR,li1,88.3200,29.9200,1.799714
FILLER_6_139,VPWR,li1,69.6900,29.9200,1.799721
FILLER_6_104,VPWR,li1,54.2800,29.9200,1.799766
FILLER_6_93,VPWR,li1,48.7600,29.9200,1.799786
FILLER_6_76,VPWR,li1,42.3200,29.9200,1.799811
FILLER_6_65,VPWR,li1,36.1100,29.9200,1.799834
FILLER_6_56,VPWR,li1,31.5100,29.9200,1.799872
FILLER_6_50,VPWR,li1,28.7500,29.9200,1.799891
FILLER_6_44,VPWR,li1,27.1400,29.9200,1.799891
FILLER_6_19,VPWR,li1,14.4900,29.9200,1.799932
FILLER_6_15,VPWR,li1,13.3400,29.9200,1.799931
FILLER_6_3,VPWR,li1,9.6600,29.9200,1.799931
FILLER_5_231,VPWR,li1,112.0100,24.4800,1.799980
FILLER_5_225,VPWR,li1,110.4000,24.4800,1.799980
FILLER_5_223,VPWR,li1,108.3300,24.4800,1.799980
FILLER_5_213,VPWR,li1,104.1900,24.4800,1.799980
FILLER_5_205,VPWR,li1,101.6600,24.4800,1.799980
FILLER_5_193,VPWR,li1,97.0600,24.4800,1.799980
FILLER_5_181,VPWR,li1,91.5400,24.4800,1.799980
FILLER_5_169,VPWR,li1,86.0200,24.4800,1.799980
FILLER_5_167,VPWR,li1,82.5700,24.4800,1.799980
FILLER_5_159,VPWR,li1,80.5000,24.4800,1.799980
FILLER_5_147,VPWR,li1,75.9000,24.4800,1.799980
FILLER_5_137,VPWR,li1,69.0000,24.4800,1.799980
FILLER_5_125,VPWR,li1,65.7800,24.4800,1.799981
FILLER_5_113,VPWR,li1,60.2600,24.4800,1.799981
FILLER_5_100,VPWR,li1,54.2800,24.4800,1.799981
FILLER_5_88,VPWR,li1,48.7600,24.4800,1.799983
FILLER_5_76,VPWR,li1,43.2400,24.4800,1.799985
FILLER_5_64,VPWR,li1,37.7200,24.4800,1.799986
FILLER_5_52,VPWR,li1,30.3600,24.4800,1.799989
FILLER_5_40,VPWR,li1,26.6800,24.4800,1.799991
FILLER_5_36,VPWR,li1,22.3100,24.4800,1.799993
FILLER_5_29,VPWR,li1,19.3200,24.4800,1.799992
FILLER_5_3,VPWR,li1,8.2800,24.4800,1.799991
FILLER_4_251,VPWR,li1,121.2100,24.4800,1.799980
FILLER_4_245,VPWR,li1,119.6000,24.4800,1.799980
FILLER_4_233,VPWR,li1,115.4600,24.4800,1.799980
FILLER_4_221,VPWR,li1,109.9400,24.4800,1.799980
FILLER_4_209,VPWR,li1,104.4200,24.4800,1.799980
FILLER_4_197,VPWR,li1,98.9000,24.4800,1.799980
FILLER_4_188,VPWR,li1,93.8400,24.4800,1.799980
FILLER_4_176,VPWR,li1,87.1700,24.4800,1.799980
FILLER_4_168,VPWR,li1,84.6400,24.4800,1.799980
FILLER_4_149,VPWR,li1,74.5200,24.4800,1.799980
FILLER_4_141,VPWR,li1,72.2200,24.4800,1.799980
FILLER_4_138,VPWR,li1,69.4600,24.4800,1.799980
FILLER_4_126,VPWR,li1,66.2400,24.4800,1.799981
FILLER_4_97,VPWR,li1,50.3700,24.4800,1.799982
FILLER_4_85,VPWR,li1,47.3800,24.4800,1.799983
FILLER_4_83,VPWR,li1,43.9300,24.4800,1.799984
FILLER_4_75,VPWR,li1,41.8600,24.4800,1.799985
FILLER_4_65,VPWR,li1,35.6500,24.4800,1.799987
FILLER_4_55,VPWR,li1,31.2800,24.4800,1.799989
FILLER_4_44,VPWR,li1,26.2200,24.4800,1.799991
FILLER_4_37,VPWR,li1,22.7700,24.4800,1.799992
FILLER_4_29,VPWR,li1,20.7000,24.4800,1.799993
FILLER_4_27,VPWR,li1,18.1700,24.4800,1.799992
FILLER_4_15,VPWR,li1,15.1800,24.4800,1.799991
FILLER_4_3,VPWR,li1,9.6600,24.4800,1.799991
FILLER_3_246,VPWR,li1,119.1400,19.0400,1.799899
FILLER_3_233,VPWR,li1,112.9300,19.0400,1.799899
FILLER_3_225,VPWR,li1,109.4800,19.0400,1.799899
FILLER_3_201,VPWR,li1,98.2100,19.0400,1.799899
FILLER_3_189,VPWR,li1,95.2200,19.0400,1.799899
FILLER_3_167,VPWR,li1,82.5700,19.0400,1.799899
FILLER_3_161,VPWR,li1,80.9600,19.0400,1.799899
FILLER_3_140,VPWR,li1,70.1500,19.0400,1.799900
FILLER_3_133,VPWR,li1,66.9300,19.0400,1.799901
FILLER_3_111,VPWR,li1,56.8100,19.0400,1.799910
FILLER_3_100,VPWR,li1,52.9000,19.0400,1.799912
FILLER_3_88,VPWR,li1,48.7600,19.0400,1.799916
FILLER_3_65,VPWR,li1,36.1100,19.0400,1.799939
FILLER_3_41,VPWR,li1,25.0700,19.0400,1.799962
FILLER_3_27,VPWR,li1,19.7800,19.0400,1.799975
FILLER_3_15,VPWR,li1,15.1800,19.0400,1.799975
FILLER_3_3,VPWR,li1,9.6600,19.0400,1.799975
FILLER_2_250,VPWR,li1,120.9800,19.0400,1.799899
FILLER_2_226,VPWR,li1,110.4000,19.0400,1.799899
FILLER_2_197,VPWR,li1,96.8300,19.0400,1.799899
FILLER_2_161,VPWR,li1,80.9600,19.0400,1.799899
FILLER_2_117,VPWR,li1,60.0300,19.0400,1.799905
FILLER_2_109,VPWR,li1,57.5000,19.0400,1.799908
FILLER_2_85,VPWR,li1,44.8500,19.0400,1.799923
FILLER_2_29,VPWR,li1,20.2400,19.0400,1.799975
FILLER_2_27,VPWR,li1,18.1700,19.0400,1.799975
FILLER_2_15,VPWR,li1,15.1800,19.0400,1.799975
FILLER_2_3,VPWR,li1,9.6600,19.0400,1.799975
FILLER_1_251,VPWR,li1,121.2100,13.6000,1.799941
FILLER_1_243,VPWR,li1,119.1400,13.6000,1.799941
FILLER_1_225,VPWR,li1,109.9400,13.6000,1.799941
FILLER_1_222,VPWR,li1,108.1000,13.6000,1.799941
FILLER_1_198,VPWR,li1,97.5200,13.6000,1.799941
FILLER_1_167,VPWR,li1,82.5700,13.6000,1.799941
FILLER_1_144,VPWR,li1,73.1400,13.6000,1.799941
FILLER_1_117,VPWR,li1,60.7200,13.6000,1.799946
FILLER_1_113,VPWR,li1,57.7300,13.6000,1.799949
FILLER_1_110,VPWR,li1,56.5800,13.6000,1.799949
FILLER_1_98,VPWR,li1,53.3600,13.6000,1.799952
FILLER_1_57,VPWR,li1,34.5000,13.6000,1.799969
FILLER_1_55,VPWR,li1,31.0500,13.6000,1.799975
FILLER_1_49,VPWR,li1,29.4400,13.6000,1.799975
FILLER_1_27,VPWR,li1,18.4000,13.6000,1.799985
FILLER_1_15,VPWR,li1,15.1800,13.6000,1.799985
FILLER_1_3,VPWR,li1,9.6600,13.6000,1.799985
FILLER_0_242,VPWR,li1,117.3000,13.6000,1.799941
FILLER_0_237,VPWR,li1,114.7700,13.6000,1.799941
FILLER_0_225,VPWR,li1,111.7800,13.6000,1.799941
FILLER_0_221,VPWR,li1,107.8700,13.6000,1.799941
FILLER_0_209,VPWR,li1,104.4200,13.6000,1.799941
FILLER_0_197,VPWR,li1,98.9000,13.6000,1.799941
FILLER_0_193,VPWR,li1,94.9900,13.6000,1.799941
FILLER_0_181,VPWR,li1,91.5400,13.6000,1.799941
FILLER_0_169,VPWR,li1,86.0200,13.6000,1.799941
FILLER_0_167,VPWR,li1,82.5700,13.6000,1.799941
FILLER_0_161,VPWR,li1,80.9600,13.6000,1.799941
FILLER_0_149,VPWR,li1,76.8200,13.6000,1.799941
FILLER_0_139,VPWR,li1,69.6900,13.6000,1.799941
FILLER_0_125,VPWR,li1,63.4800,13.6000,1.799944
FILLER_0_113,VPWR,li1,60.2600,13.6000,1.799948
FILLER_0_109,VPWR,li1,56.3500,13.6000,1.799949
FILLER_0_97,VPWR,li1,52.9000,13.6000,1.799952
FILLER_0_85,VPWR,li1,47.3800,13.6000,1.799956
FILLER_0_76,VPWR,li1,42.3200,13.6000,1.799961
FILLER_0_69,VPWR,li1,38.1800,13.6000,1.799965
FILLER_0_57,VPWR,li1,34.5000,13.6000,1.799969
FILLER_0_53,VPWR,li1,30.5900,13.6000,1.799975
FILLER_0_41,VPWR,li1,27.1400,13.6000,1.799978
FILLER_0_29,VPWR,li1,21.6200,13.6000,1.799985
FILLER_0_15,VPWR,li1,13.1100,13.6000,1.799985
FILLER_0_3,VPWR,li1,9.6600,13.6000,1.799985
hold50,VPWR,li1,64.4000,73.4400,1.799763
hold49,VPWR,li1,21.1600,40.8000,1.799988
hold48,VPWR,li1,42.3200,46.2400,1.799916
hold47,VPWR,li1,58.8800,40.8000,1.799969
hold46,VPWR,li1,57.9600,35.3600,1.799921
hold45,VPWR,li1,33.5800,19.0400,1.799943
hold44,VPWR,li1,75.4400,106.0800,1.799907
hold43,VPWR,li1,63.0200,62.5600,1.799938
hold42,VPWR,li1,61.6400,57.1200,1.799921
hold41,VPWR,li1,19.3200,29.9200,1.799933
hold40,VPWR,li1,41.8600,95.2000,1.799920
hold39,VPWR,li1,43.2400,35.3600,1.799940
hold38,VPWR,li1,39.5600,35.3600,1.799945
hold37,VPWR,li1,80.9600,95.2000,1.799915
hold36,VPWR,li1,72.2200,13.6000,1.799941
hold35,VPWR,li1,94.3000,46.2400,1.799870
hold34,VPWR,li1,25.3000,89.7600,1.799953
hold33,VPWR,li1,30.3600,89.7600,1.799938
hold32,VPWR,li1,26.2200,68.0000,1.799971
hold31,VPWR,li1,34.5000,73.4400,1.799860
hold30,VPWR,li1,80.5000,13.6000,1.799941
hold29,VPWR,li1,91.5400,68.0000,1.799918
hold28,VPWR,li1,92.4600,57.1200,1.799910
hold27,VPWR,li1,92.0000,78.8800,1.799927
hold26,VPWR,li1,91.5400,89.7600,1.799846
hold25,VPWR,li1,66.2400,106.0800,1.799907
hold24,VPWR,li1,39.5600,84.3200,1.799890
hold23,VPWR,li1,80.9600,24.4800,1.799980
hold22,VPWR,li1,94.3000,73.4400,1.799752
hold21,VPWR,li1,49.2200,73.4400,1.799783
hold20,VPWR,li1,20.7000,35.3600,1.799980
hold19,VPWR,li1,74.5200,89.7600,1.799851
hold18,VPWR,li1,27.6000,19.0400,1.799957
hold17,VPWR,li1,61.1800,84.3200,1.799811
hold16,VPWR,li1,54.2800,68.0000,1.799933
hold15,VPWR,li1,59.3400,62.5600,1.799940
hold14,VPWR,li1,81.4200,68.0000,1.799918
hold13,VPWR,li1,79.5800,73.4400,1.799754
hold12,VPWR,li1,82.8000,84.3200,1.799782
hold11,VPWR,li1,65.3200,95.2000,1.799915
hold10,VPWR,li1,80.0400,57.1200,1.799910
hold9,VPWR,li1,80.9600,51.6800,1.799856
hold8,VPWR,li1,79.1200,29.9200,1.799715
hold7,VPWR,li1,85.1000,29.9200,1.799714
hold6,VPWR,li1,84.1800,40.8000,1.799964
hold5,VPWR,li1,75.9000,46.2400,1.799873
hold4,VPWR,li1,42.3200,19.0400,1.799928
hold3,VPWR,li1,48.7600,35.3600,1.799931
hold2,VPWR,li1,52.4400,35.3600,1.799926
hold1,VPWR,li1,61.6400,24.4800,1.799981
clkload6,VPWR,li1,62.7900,106.0800,1.799907
clkload5,VPWR,li1,66.4700,89.7600,1.799858
clkload4,VPWR,li1,33.3500,95.2000,1.799929
clkload3,VPWR,li1,66.9300,51.6800,1.799861
clkload2,VPWR,li1,65.5500,35.3600,1.799911
clkload1,VPWR,li1,29.2100,51.6800,1.799927
clkload0,VPWR,li1,32.4300,35.3600,1.799958
clkbuf_3_7__f_sys_clk,VPWR,li1,69.0000,106.0800,1.799907
clkbuf_3_6__f_sys_clk,VPWR,li1,69.0000,84.3200,1.799787
clkbuf_3_5__f_sys_clk,VPWR,li1,36.8000,106.0800,1.799915
clkbuf_3_4__f_sys_clk,VPWR,li1,35.4200,95.2000,1.799923
clkbuf_3_3__f_sys_clk,VPWR,li1,69.4600,51.6800,1.799860
clkbuf_3_2__f_sys_clk,VPWR,li1,68.0800,29.9200,1.799721
clkbuf_3_1__f_sys_clk,VPWR,li1,36.8000,51.6800,1.799890
clkbuf_3_0__f_sys_clk,VPWR,li1,36.3400,29.9200,1.799834
clkbuf_0_sys_clk,VPWR,li1,50.6000,73.4400,1.799783
_611__65,VPWR,li1,12.6500,106.0800,1.799962
fanout64,VPWR,li1,104.8800,89.7600,1.799845
fanout63,VPWR,li1,64.8600,122.4000,1.799918
fanout62,VPWR,li1,59.8000,122.4000,1.799923
fanout61,VPWR,li1,62.5600,122.4000,1.799920
fanout60,VPWR,li1,55.2000,122.4000,1.799928
fanout59,VPWR,li1,36.8000,122.4000,1.799952
fanout58,VPWR,li1,34.0400,122.4000,1.799957
fanout57,VPWR,li1,54.7400,89.7600,1.799877
fanout56,VPWR,li1,62.1000,68.0000,1.799927
fanout55,VPWR,li1,67.6200,35.3600,1.799909
fanout54,VPWR,li1,58.4200,57.1200,1.799924
fanout53,VPWR,li1,46.0000,68.0000,1.799943
fanout52,VPWR,li1,55.6600,35.3600,1.799924
fanout51,VPWR,li1,107.6400,127.8400,1.799997
fanout50,VPWR,li1,111.7800,127.8400,1.799997
fanout49,VPWR,li1,97.9800,95.2000,1.799915
fanout48,VPWR,li1,98.9000,68.0000,1.799918
fanout47,VPWR,li1,109.9400,40.8000,1.799964
fanout46,VPWR,li1,28.9800,73.4400,1.799891
fanout45,VPWR,li1,27.1400,62.5600,1.799975
fanout44,VPWR,li1,93.8400,62.5600,1.799930
fanout43,VPWR,li1,92.0000,89.7600,1.799846
fanout42,VPWR,li1,96.1400,40.8000,1.799964
fanout41,VPWR,li1,97.5200,35.3600,1.799898
fanout40,VPWR,li1,68.5400,40.8000,1.799964
fanout39,VPWR,li1,98.9000,40.8000,1.799964
fanout38,VPWR,li1,105.3400,62.5600,1.799930
fanout37,VPWR,li1,100.7400,89.7600,1.799845
fanout36,VPWR,li1,99.8200,35.3600,1.799898
fanout35,VPWR,li1,97.0600,40.8000,1.799964
fanout34,VPWR,li1,68.5400,19.0400,1.799901
fanout33,VPWR,li1,28.0600,57.1200,1.799963
fanout32,VPWR,li1,70.3800,24.4800,1.799980
fanout31,VPWR,li1,69.9200,35.3600,1.799907
fanout30,VPWR,li1,44.1600,62.5600,1.799951
fanout29,VPWR,li1,27.1400,29.9200,1.799891
fanout28,VPWR,li1,27.1400,73.4400,1.799902
fanout27,VPWR,li1,72.2200,24.4800,1.799980
fanout26,VPWR,li1,61.6400,40.8000,1.799968
fanout25,VPWR,li1,107.1800,89.7600,1.799845
fanout24,VPWR,li1,97.5200,46.2400,1.799870
output23,VPWR,li1,118.6800,127.8400,1.799997
output22,VPWR,li1,120.5200,111.5200,1.799937
output21,VPWR,li1,120.5200,116.9600,1.799930
output20,VPWR,li1,115.9200,13.6000,1.799941
output19,VPWR,li1,120.5200,127.8400,1.799997
output18,VPWR,li1,120.5200,73.4400,1.799752
output17,VPWR,li1,120.5200,68.0000,1.799918
output16,VPWR,li1,120.5200,62.5600,1.799930
output15,VPWR,li1,120.5200,51.6800,1.799856
output14,VPWR,li1,120.5200,46.2400,1.799870
output13,VPWR,li1,120.5200,35.3600,1.799898
output12,VPWR,li1,120.5200,29.9200,1.799714
output11,VPWR,li1,120.5200,19.0400,1.799899
output10,VPWR,li1,120.5200,13.6000,1.799941
output9,VPWR,li1,120.5200,95.2000,1.799915
output8,VPWR,li1,120.5200,84.3200,1.799782
output7,VPWR,li1,118.6800,13.6000,1.799941
output6,VPWR,li1,109.9400,127.8400,1.799997
input5,VPWR,li1,39.7900,13.6000,1.799965
input4,VPWR,li1,66.7000,127.8400,1.799997
input3,VPWR,li1,64.6300,13.6000,1.799944
input2,VPWR,li1,16.1000,13.6000,1.799985
input1,VPWR,li1,120.7500,100.6400,1.799913
_588__88,VPWR,li1,49.9100,106.0800,1.799910
_589__87,VPWR,li1,52.6700,106.0800,1.799909
_590__86,VPWR,li1,45.3100,106.0800,1.799912
_591__85,VPWR,li1,48.5300,106.0800,1.799910
_592__84,VPWR,li1,43.4700,122.4000,1.799943
_593__83,VPWR,li1,46.6900,127.8400,1.799998
_594__82,VPWR,li1,43.0100,116.9600,1.799950
_595__81,VPWR,li1,41.6300,116.9600,1.799952
_596__80,VPWR,li1,28.7500,122.4000,1.799967
_597__79,VPWR,li1,30.5900,111.5200,1.799981
_598__78,VPWR,li1,26.9100,122.4000,1.799970
_599__77,VPWR,li1,28.7500,111.5200,1.799983
_600__76,VPWR,li1,34.2700,111.5200,1.799977
_601__75,VPWR,li1,30.5900,106.0800,1.799935
_602__74,VPWR,li1,26.9100,100.6400,1.799962
_603__73,VPWR,li1,29.2100,106.0800,1.799942
_604__72,VPWR,li1,14.9500,127.8400,1.800000
_605__71,VPWR,li1,19.5500,116.9600,1.799975
_606__70,VPWR,li1,11.2700,116.9600,1.799973
_607__69,VPWR,li1,14.9500,122.4000,1.799977
_608__68,VPWR,li1,8.5100,106.0800,1.799962
_609__67,VPWR,li1,19.5500,100.6400,1.799972
_610__66,VPWR,li1,9.4300,100.6400,1.799969
TAP_TAPCELL_ROW_42_265,VPWR,li1,108.7900,127.5330,1.799997
TAP_TAPCELL_ROW_42_264,VPWR,li1,95.9100,127.5330,1.799997
TAP_TAPCELL_ROW_42_263,VPWR,li1,83.0300,127.5330,1.799997
TAP_TAPCELL_ROW_42_262,VPWR,li1,70.1500,127.5330,1.799997
TAP_TAPCELL_ROW_42_261,VPWR,li1,57.2700,127.5330,1.799998
TAP_TAPCELL_ROW_42_260,VPWR,li1,44.3900,127.5330,1.799998
TAP_TAPCELL_ROW_42_259,VPWR,li1,31.5100,127.5330,1.799999
TAP_TAPCELL_ROW_42_258,VPWR,li1,18.6300,127.5330,1.800000
TAP_TAPCELL_ROW_41_257,VPWR,li1,108.7900,122.7060,1.799903
TAP_TAPCELL_ROW_41_256,VPWR,li1,83.0300,122.7060,1.799908
TAP_TAPCELL_ROW_41_255,VPWR,li1,57.2700,122.7060,1.799926
TAP_TAPCELL_ROW_41_254,VPWR,li1,31.5100,122.7060,1.799962
TAP_TAPCELL_ROW_40_253,VPWR,li1,95.9100,122.0930,1.799904
TAP_TAPCELL_ROW_40_252,VPWR,li1,70.1500,122.0930,1.799913
TAP_TAPCELL_ROW_40_251,VPWR,li1,44.3900,122.0930,1.799943
TAP_TAPCELL_ROW_40_250,VPWR,li1,18.6300,122.0930,1.799977
TAP_TAPCELL_ROW_39_249,VPWR,li1,108.7900,117.2660,1.799930
TAP_TAPCELL_ROW_39_248,VPWR,li1,83.0300,117.2660,1.799935
TAP_TAPCELL_ROW_39_247,VPWR,li1,57.2700,117.2660,1.799943
TAP_TAPCELL_ROW_39_246,VPWR,li1,31.5100,117.2660,1.799961
TAP_TAPCELL_ROW_38_245,VPWR,li1,95.9100,116.6530,1.799931
TAP_TAPCELL_ROW_38_244,VPWR,li1,70.1500,116.6530,1.799939
TAP_TAPCELL_ROW_38_243,VPWR,li1,44.3900,116.6530,1.799950
TAP_TAPCELL_ROW_38_242,VPWR,li1,18.6300,116.6530,1.799974
TAP_TAPCELL_ROW_37_241,VPWR,li1,108.7900,111.8260,1.799937
TAP_TAPCELL_ROW_37_240,VPWR,li1,83.0300,111.8260,1.799941
TAP_TAPCELL_ROW_37_239,VPWR,li1,57.2700,111.8260,1.799957
TAP_TAPCELL_ROW_37_238,VPWR,li1,31.5100,111.8260,1.799980
TAP_TAPCELL_ROW_36_237,VPWR,li1,95.9100,111.2130,1.799937
TAP_TAPCELL_ROW_36_236,VPWR,li1,70.1500,111.2130,1.799948
TAP_TAPCELL_ROW_36_235,VPWR,li1,44.3900,111.2130,1.799968
TAP_TAPCELL_ROW_36_234,VPWR,li1,18.6300,111.2130,1.799987
TAP_TAPCELL_ROW_35_233,VPWR,li1,108.7900,106.3860,1.799907
TAP_TAPCELL_ROW_35_232,VPWR,li1,83.0300,106.3860,1.799907
TAP_TAPCELL_ROW_35_231,VPWR,li1,57.2700,106.3860,1.799908
TAP_TAPCELL_ROW_35_230,VPWR,li1,31.5100,106.3860,1.799935
TAP_TAPCELL_ROW_34_229,VPWR,li1,95.9100,105.7730,1.799907
TAP_TAPCELL_ROW_34_228,VPWR,li1,70.1500,105.7730,1.799907
TAP_TAPCELL_ROW_34_227,VPWR,li1,44.3900,105.7730,1.799912
TAP_TAPCELL_ROW_34_226,VPWR,li1,18.6300,105.7730,1.799963
TAP_TAPCELL_ROW_33_225,VPWR,li1,108.7900,100.9460,1.799913
TAP_TAPCELL_ROW_33_224,VPWR,li1,83.0300,100.9460,1.799914
TAP_TAPCELL_ROW_33_223,VPWR,li1,57.2700,100.9460,1.799923
TAP_TAPCELL_ROW_33_222,VPWR,li1,31.5100,100.9460,1.799953
TAP_TAPCELL_ROW_32_221,VPWR,li1,95.9100,100.3330,1.799913
TAP_TAPCELL_ROW_32_220,VPWR,li1,70.1500,100.3330,1.799917
TAP_TAPCELL_ROW_32_219,VPWR,li1,44.3900,100.3330,1.799938
TAP_TAPCELL_ROW_32_218,VPWR,li1,18.6300,100.3330,1.799972
TAP_TAPCELL_ROW_31_217,VPWR,li1,108.7900,95.5060,1.799915
TAP_TAPCELL_ROW_31_216,VPWR,li1,83.0300,95.5060,1.799915
TAP_TAPCELL_ROW_31_215,VPWR,li1,57.2700,95.5060,1.799916
TAP_TAPCELL_ROW_31_214,VPWR,li1,31.5100,95.5060,1.799940
TAP_TAPCELL_ROW_30_213,VPWR,li1,95.9100,94.8930,1.799915
TAP_TAPCELL_ROW_30_212,VPWR,li1,70.1500,94.8930,1.799915
TAP_TAPCELL_ROW_30_211,VPWR,li1,44.3900,94.8930,1.799919
TAP_TAPCELL_ROW_30_210,VPWR,li1,18.6300,94.8930,1.799965
TAP_TAPCELL_ROW_29_209,VPWR,li1,108.7900,90.0660,1.799845
TAP_TAPCELL_ROW_29_208,VPWR,li1,83.0300,90.0660,1.799847
TAP_TAPCELL_ROW_29_207,VPWR,li1,57.2700,90.0660,1.799874
TAP_TAPCELL_ROW_29_206,VPWR,li1,31.5100,90.0660,1.799938
TAP_TAPCELL_ROW_28_205,VPWR,li1,95.9100,89.4530,1.799845
TAP_TAPCELL_ROW_28_204,VPWR,li1,70.1500,89.4530,1.799855
TAP_TAPCELL_ROW_28_203,VPWR,li1,44.3900,89.4530,1.799901
TAP_TAPCELL_ROW_28_202,VPWR,li1,18.6300,89.4530,1.799968
TAP_TAPCELL_ROW_27_201,VPWR,li1,108.7900,84.6260,1.799782
TAP_TAPCELL_ROW_27_200,VPWR,li1,83.0300,84.6260,1.799782
TAP_TAPCELL_ROW_27_199,VPWR,li1,57.2700,84.6260,1.799826
TAP_TAPCELL_ROW_27_198,VPWR,li1,31.5100,84.6260,1.799926
TAP_TAPCELL_ROW_26_197,VPWR,li1,95.9100,84.0130,1.799782
TAP_TAPCELL_ROW_26_196,VPWR,li1,70.1500,84.0130,1.799787
TAP_TAPCELL_ROW_26_195,VPWR,li1,44.3900,84.0130,1.799874
TAP_TAPCELL_ROW_26_194,VPWR,li1,18.6300,84.0130,1.799955
TAP_TAPCELL_ROW_25_193,VPWR,li1,108.7900,79.1860,1.799927
TAP_TAPCELL_ROW_25_192,VPWR,li1,83.0300,79.1860,1.799929
TAP_TAPCELL_ROW_25_191,VPWR,li1,57.2700,79.1860,1.799939
TAP_TAPCELL_ROW_25_190,VPWR,li1,31.5100,79.1860,1.799959
TAP_TAPCELL_ROW_24_189,VPWR,li1,95.9100,78.5730,1.799927
TAP_TAPCELL_ROW_24_188,VPWR,li1,70.1500,78.5730,1.799933
TAP_TAPCELL_ROW_24_187,VPWR,li1,44.3900,78.5730,1.799945
TAP_TAPCELL_ROW_24_186,VPWR,li1,18.6300,78.5730,1.799976
TAP_TAPCELL_ROW_23_185,VPWR,li1,108.7900,73.7460,1.799752
TAP_TAPCELL_ROW_23_184,VPWR,li1,83.0300,73.7460,1.799753
TAP_TAPCELL_ROW_23_183,VPWR,li1,57.2700,73.7460,1.799773
TAP_TAPCELL_ROW_23_182,VPWR,li1,31.5100,73.7460,1.799877
TAP_TAPCELL_ROW_22_181,VPWR,li1,95.9100,73.1330,1.799752
TAP_TAPCELL_ROW_22_180,VPWR,li1,70.1500,73.1330,1.799758
TAP_TAPCELL_ROW_22_179,VPWR,li1,44.3900,73.1330,1.799812
TAP_TAPCELL_ROW_22_178,VPWR,li1,18.6300,73.1330,1.799940
TAP_TAPCELL_ROW_21_177,VPWR,li1,108.7900,68.3060,1.799918
TAP_TAPCELL_ROW_21_176,VPWR,li1,83.0300,68.3060,1.799918
TAP_TAPCELL_ROW_21_175,VPWR,li1,57.2700,68.3060,1.799931
TAP_TAPCELL_ROW_21_174,VPWR,li1,31.5100,68.3060,1.799962
TAP_TAPCELL_ROW_20_173,VPWR,li1,95.9100,67.6930,1.799918
TAP_TAPCELL_ROW_20_172,VPWR,li1,70.1500,67.6930,1.799923
TAP_TAPCELL_ROW_20_171,VPWR,li1,44.3900,67.6930,1.799943
TAP_TAPCELL_ROW_20_170,VPWR,li1,18.6300,67.6930,1.799978
TAP_TAPCELL_ROW_19_169,VPWR,li1,108.7900,62.8660,1.799930
TAP_TAPCELL_ROW_19_168,VPWR,li1,83.0300,62.8660,1.799931
TAP_TAPCELL_ROW_19_167,VPWR,li1,57.2700,62.8660,1.799941
TAP_TAPCELL_ROW_19_166,VPWR,li1,31.5100,62.8660,1.799969
TAP_TAPCELL_ROW_18_165,VPWR,li1,95.9100,62.2530,1.799930
TAP_TAPCELL_ROW_18_164,VPWR,li1,70.1500,62.2530,1.799935
TAP_TAPCELL_ROW_18_163,VPWR,li1,44.3900,62.2530,1.799951
TAP_TAPCELL_ROW_18_162,VPWR,li1,18.6300,62.2530,1.799982
TAP_TAPCELL_ROW_17_161,VPWR,li1,108.7900,57.4260,1.799910
TAP_TAPCELL_ROW_17_160,VPWR,li1,83.0300,57.4260,1.799910
TAP_TAPCELL_ROW_17_159,VPWR,li1,57.2700,57.4260,1.799924
TAP_TAPCELL_ROW_17_158,VPWR,li1,31.5100,57.4260,1.799957
TAP_TAPCELL_ROW_16_157,VPWR,li1,95.9100,56.8130,1.799910
TAP_TAPCELL_ROW_16_156,VPWR,li1,70.1500,56.8130,1.799914
TAP_TAPCELL_ROW_16_155,VPWR,li1,44.3900,56.8130,1.799939
TAP_TAPCELL_ROW_16_154,VPWR,li1,18.6300,56.8130,1.799975
TAP_TAPCELL_ROW_15_153,VPWR,li1,108.7900,51.9860,1.799856
TAP_TAPCELL_ROW_15_152,VPWR,li1,83.0300,51.9860,1.799856
TAP_TAPCELL_ROW_15_151,VPWR,li1,57.2700,51.9860,1.799871
TAP_TAPCELL_ROW_15_150,VPWR,li1,31.5100,51.9860,1.799911
TAP_TAPCELL_ROW_14_149,VPWR,li1,95.9100,51.3730,1.799856
TAP_TAPCELL_ROW_14_148,VPWR,li1,70.1500,51.3730,1.799860
TAP_TAPCELL_ROW_14_147,VPWR,li1,44.3900,51.3730,1.799883
TAP_TAPCELL_ROW_14_146,VPWR,li1,18.6300,51.3730,1.799951
TAP_TAPCELL_ROW_13_145,VPWR,li1,108.7900,46.5460,1.799870
TAP_TAPCELL_ROW_13_144,VPWR,li1,83.0300,46.5460,1.799872
TAP_TAPCELL_ROW_13_143,VPWR,li1,57.2700,46.5460,1.799886
TAP_TAPCELL_ROW_13_142,VPWR,li1,31.5100,46.5460,1.799945
TAP_TAPCELL_ROW_12_141,VPWR,li1,95.9100,45.9330,1.799870
TAP_TAPCELL_ROW_12_140,VPWR,li1,70.1500,45.9330,1.799876
TAP_TAPCELL_ROW_12_139,VPWR,li1,44.3900,45.9330,1.799910
TAP_TAPCELL_ROW_12_138,VPWR,li1,18.6300,45.9330,1.799973
TAP_TAPCELL_ROW_11_137,VPWR,li1,108.7900,41.1060,1.799964
TAP_TAPCELL_ROW_11_136,VPWR,li1,83.0300,41.1060,1.799964
TAP_TAPCELL_ROW_11_135,VPWR,li1,57.2700,41.1060,1.799971
TAP_TAPCELL_ROW_11_134,VPWR,li1,31.5100,41.1060,1.799982
TAP_TAPCELL_ROW_10_133,VPWR,li1,95.9100,40.4930,1.799964
TAP_TAPCELL_ROW_10_132,VPWR,li1,70.1500,40.4930,1.799964
TAP_TAPCELL_ROW_10_131,VPWR,li1,44.3900,40.4930,1.799977
TAP_TAPCELL_ROW_10_130,VPWR,li1,18.6300,40.4930,1.799986
TAP_TAPCELL_ROW_9_129,VPWR,li1,108.7900,35.6660,1.799898
TAP_TAPCELL_ROW_9_128,VPWR,li1,83.0300,35.6660,1.799900
TAP_TAPCELL_ROW_9_127,VPWR,li1,57.2700,35.6660,1.799921
TAP_TAPCELL_ROW_9_126,VPWR,li1,31.5100,35.6660,1.799962
TAP_TAPCELL_ROW_8_125,VPWR,li1,95.9100,35.0530,1.799898
TAP_TAPCELL_ROW_8_124,VPWR,li1,70.1500,35.0530,1.799907
TAP_TAPCELL_ROW_8_123,VPWR,li1,44.3900,35.0530,1.799940
TAP_TAPCELL_ROW_8_122,VPWR,li1,18.6300,35.0530,1.799980
TAP_TAPCELL_ROW_7_121,VPWR,li1,108.7900,30.2260,1.799714
TAP_TAPCELL_ROW_7_120,VPWR,li1,83.0300,30.2260,1.799714
TAP_TAPCELL_ROW_7_119,VPWR,li1,57.2700,30.2260,1.799759
TAP_TAPCELL_ROW_7_118,VPWR,li1,31.5100,30.2260,1.799872
TAP_TAPCELL_ROW_6_117,VPWR,li1,95.9100,29.6130,1.799714
TAP_TAPCELL_ROW_6_116,VPWR,li1,70.1500,29.6130,1.799719
TAP_TAPCELL_ROW_6_115,VPWR,li1,44.3900,29.6130,1.799803
TAP_TAPCELL_ROW_6_114,VPWR,li1,18.6300,29.6130,1.799933
TAP_TAPCELL_ROW_5_113,VPWR,li1,108.7900,24.7860,1.799980
TAP_TAPCELL_ROW_5_112,VPWR,li1,83.0300,24.7860,1.799980
TAP_TAPCELL_ROW_5_111,VPWR,li1,57.2700,24.7860,1.799981
TAP_TAPCELL_ROW_5_110,VPWR,li1,31.5100,24.7860,1.799989
TAP_TAPCELL_ROW_4_109,VPWR,li1,95.9100,24.1730,1.799980
TAP_TAPCELL_ROW_4_108,VPWR,li1,70.1500,24.1730,1.799980
TAP_TAPCELL_ROW_4_107,VPWR,li1,44.3900,24.1730,1.799984
TAP_TAPCELL_ROW_4_106,VPWR,li1,18.6300,24.1730,1.799992
TAP_TAPCELL_ROW_3_105,VPWR,li1,108.7900,19.3460,1.799899
TAP_TAPCELL_ROW_3_104,VPWR,li1,83.0300,19.3460,1.799899
TAP_TAPCELL_ROW_3_103,VPWR,li1,57.2700,19.3460,1.799908
TAP_TAPCELL_ROW_3_102,VPWR,li1,31.5100,19.3460,1.799950
TAP_TAPCELL_ROW_2_101,VPWR,li1,95.9100,18.7330,1.799899
TAP_TAPCELL_ROW_2_100,VPWR,li1,70.1500,18.7330,1.799900
TAP_TAPCELL_ROW_2_99,VPWR,li1,44.3900,18.7330,1.799923
TAP_TAPCELL_ROW_2_98,VPWR,li1,18.6300,18.7330,1.799975
TAP_TAPCELL_ROW_1_97,VPWR,li1,108.7900,13.9060,1.799941
TAP_TAPCELL_ROW_1_96,VPWR,li1,83.0300,13.9060,1.799941
TAP_TAPCELL_ROW_1_95,VPWR,li1,57.2700,13.9060,1.799949
TAP_TAPCELL_ROW_1_94,VPWR,li1,31.5100,13.9060,1.799973
TAP_TAPCELL_ROW_0_93,VPWR,li1,108.7900,13.2930,1.799941
TAP_TAPCELL_ROW_0_92,VPWR,li1,95.9100,13.2930,1.799941
TAP_TAPCELL_ROW_0_91,VPWR,li1,83.0300,13.2930,1.799941
TAP_TAPCELL_ROW_0_90,VPWR,li1,70.1500,13.2930,1.799941
TAP_TAPCELL_ROW_0_89,VPWR,li1,57.2700,13.2930,1.799949
TAP_TAPCELL_ROW_0_88,VPWR,li1,44.3900,13.2930,1.799959
TAP_TAPCELL_ROW_0_87,VPWR,li1,31.5100,13.2930,1.799973
TAP_TAPCELL_ROW_0_86,VPWR,li1,18.6300,13.2930,1.799985
PHY_EDGE_ROW_42_Left_85,VPWR,li1,6.2100,127.8400,1.800000
PHY_EDGE_ROW_41_Left_84,VPWR,li1,6.2100,122.4000,1.799977
PHY_EDGE_ROW_40_Left_83,VPWR,li1,6.2100,122.4000,1.799977
PHY_EDGE_ROW_39_Left_82,VPWR,li1,6.2100,116.9600,1.799973
PHY_EDGE_ROW_38_Left_81,VPWR,li1,6.2100,116.9600,1.799973
PHY_EDGE_ROW_37_Left_80,VPWR,li1,6.2100,111.5200,1.799987
PHY_EDGE_ROW_36_Left_79,VPWR,li1,6.2100,111.5200,1.799987
PHY_EDGE_ROW_35_Left_78,VPWR,li1,6.2100,106.0800,1.799962
PHY_EDGE_ROW_34_Left_77,VPWR,li1,6.2100,106.0800,1.799962
PHY_EDGE_ROW_33_Left_76,VPWR,li1,6.2100,100.6400,1.799969
PHY_EDGE_ROW_32_Left_75,VPWR,li1,6.2100,100.6400,1.799969
PHY_EDGE_ROW_31_Left_74,VPWR,li1,6.2100,95.2000,1.799965
PHY_EDGE_ROW_30_Left_73,VPWR,li1,6.2100,95.2000,1.799965
PHY_EDGE_ROW_29_Left_72,VPWR,li1,6.2100,89.7600,1.799968
PHY_EDGE_ROW_28_Left_71,VPWR,li1,6.2100,89.7600,1.799968
PHY_EDGE_ROW_27_Left_70,VPWR,li1,6.2100,84.3200,1.799954
PHY_EDGE_ROW_26_Left_69,VPWR,li1,6.2100,84.3200,1.799954
PHY_EDGE_ROW_25_Left_68,VPWR,li1,6.2100,78.8800,1.799976
PHY_EDGE_ROW_24_Left_67,VPWR,li1,6.2100,78.8800,1.799976
PHY_EDGE_ROW_23_Left_66,VPWR,li1,6.2100,73.4400,1.799940
PHY_EDGE_ROW_22_Left_65,VPWR,li1,6.2100,73.4400,1.799940
PHY_EDGE_ROW_21_Left_64,VPWR,li1,6.2100,68.0000,1.799978
PHY_EDGE_ROW_20_Left_63,VPWR,li1,6.2100,68.0000,1.799978
PHY_EDGE_ROW_19_Left_62,VPWR,li1,6.2100,62.5600,1.799982
PHY_EDGE_ROW_18_Left_61,VPWR,li1,6.2100,62.5600,1.799982
PHY_EDGE_ROW_17_Left_60,VPWR,li1,6.2100,57.1200,1.799974
PHY_EDGE_ROW_16_Left_59,VPWR,li1,6.2100,57.1200,1.799974
PHY_EDGE_ROW_15_Left_58,VPWR,li1,6.2100,51.6800,1.799949
PHY_EDGE_ROW_14_Left_57,VPWR,li1,6.2100,51.6800,1.799949
PHY_EDGE_ROW_13_Left_56,VPWR,li1,6.2100,46.2400,1.799973
PHY_EDGE_ROW_12_Left_55,VPWR,li1,6.2100,46.2400,1.799973
PHY_EDGE_ROW_11_Left_54,VPWR,li1,6.2100,40.8000,1.799982
PHY_EDGE_ROW_10_Left_53,VPWR,li1,6.2100,40.8000,1.799982
PHY_EDGE_ROW_9_Left_52,VPWR,li1,6.2100,35.3600,1.799980
PHY_EDGE_ROW_8_Left_51,VPWR,li1,6.2100,35.3600,1.799980
PHY_EDGE_ROW_7_Left_50,VPWR,li1,6.2100,29.9200,1.799931
PHY_EDGE_ROW_6_Left_49,VPWR,li1,6.2100,29.9200,1.799931
PHY_EDGE_ROW_5_Left_48,VPWR,li1,6.2100,24.4800,1.799991
PHY_EDGE_ROW_4_Left_47,VPWR,li1,6.2100,24.4800,1.799991
PHY_EDGE_ROW_3_Left_46,VPWR,li1,6.2100,19.0400,1.799975
PHY_EDGE_ROW_2_Left_45,VPWR,li1,6.2100,19.0400,1.799975
PHY_EDGE_ROW_1_Left_44,VPWR,li1,6.2100,13.6000,1.799985
PHY_EDGE_ROW_0_Left_43,VPWR,li1,6.2100,13.6000,1.799985
PHY_EDGE_ROW_42_Right_42,VPWR,li1,122.1300,127.8400,1.799997
PHY_EDGE_ROW_41_Right_41,VPWR,li1,122.1300,122.4000,1.799903
PHY_EDGE_ROW_40_Right_40,VPWR,li1,122.1300,122.4000,1.799903
PHY_EDGE_ROW_39_Right_39,VPWR,li1,122.1300,116.9600,1.799930
PHY_EDGE_ROW_38_Right_38,VPWR,li1,122.1300,116.9600,1.799930
PHY_EDGE_ROW_37_Right_37,VPWR,li1,122.1300,111.5200,1.799937
PHY_EDGE_ROW_36_Right_36,VPWR,li1,122.1300,111.5200,1.799937
PHY_EDGE_ROW_35_Right_35,VPWR,li1,122.1300,106.0800,1.799907
PHY_EDGE_ROW_34_Right_34,VPWR,li1,122.1300,106.0800,1.799907
PHY_EDGE_ROW_33_Right_33,VPWR,li1,122.1300,100.6400,1.799913
PHY_EDGE_ROW_32_Right_32,VPWR,li1,122.1300,100.6400,1.799913
PHY_EDGE_ROW_31_Right_31,VPWR,li1,122.1300,95.2000,1.799915
PHY_EDGE_ROW_30_Right_30,VPWR,li1,122.1300,95.2000,1.799915
PHY_EDGE_ROW_29_Right_29,VPWR,li1,122.1300,89.7600,1.799845
PHY_EDGE_ROW_28_Right_28,VPWR,li1,122.1300,89.7600,1.799845
PHY_EDGE_ROW_27_Right_27,VPWR,li1,122.1300,84.3200,1.799782
PHY_EDGE_ROW_26_Right_26,VPWR,li1,122.1300,84.3200,1.799782
PHY_EDGE_ROW_25_Right_25,VPWR,li1,122.1300,78.8800,1.799927
PHY_EDGE_ROW_24_Right_24,VPWR,li1,122.1300,78.8800,1.799927
PHY_EDGE_ROW_23_Right_23,VPWR,li1,122.1300,73.4400,1.799752
PHY_EDGE_ROW_22_Right_22,VPWR,li1,122.1300,73.4400,1.799752
PHY_EDGE_ROW_21_Right_21,VPWR,li1,122.1300,68.0000,1.799918
PHY_EDGE_ROW_20_Right_20,VPWR,li1,122.1300,68.0000,1.799918
PHY_EDGE_ROW_19_Right_19,VPWR,li1,122.1300,62.5600,1.799930
PHY_EDGE_ROW_18_Right_18,VPWR,li1,122.1300,62.5600,1.799930
PHY_EDGE_ROW_17_Right_17,VPWR,li1,122.1300,57.1200,1.799910
PHY_EDGE_ROW_16_Right_16,VPWR,li1,122.1300,57.1200,1.799910
PHY_EDGE_ROW_15_Right_15,VPWR,li1,122.1300,51.6800,1.799856
PHY_EDGE_ROW_14_Right_14,VPWR,li1,122.1300,51.6800,1.799856
PHY_EDGE_ROW_13_Right_13,VPWR,li1,122.1300,46.2400,1.799870
PHY_EDGE_ROW_12_Right_12,VPWR,li1,122.1300,46.2400,1.799870
PHY_EDGE_ROW_11_Right_11,VPWR,li1,122.1300,40.8000,1.799964
PHY_EDGE_ROW_10_Right_10,VPWR,li1,122.1300,40.8000,1.799964
PHY_EDGE_ROW_9_Right_9,VPWR,li1,122.1300,35.3600,1.799898
PHY_EDGE_ROW_8_Right_8,VPWR,li1,122.1300,35.3600,1.799898
PHY_EDGE_ROW_7_Right_7,VPWR,li1,122.1300,29.9200,1.799714
PHY_EDGE_ROW_6_Right_6,VPWR,li1,122.1300,29.9200,1.799714
PHY_EDGE_ROW_5_Right_5,VPWR,li1,122.1300,24.4800,1.799980
PHY_EDGE_ROW_4_Right_4,VPWR,li1,122.1300,24.4800,1.799980
PHY_EDGE_ROW_3_Right_3,VPWR,li1,122.1300,19.0400,1.799899
PHY_EDGE_ROW_2_Right_2,VPWR,li1,122.1300,19.0400,1.799899
PHY_EDGE_ROW_1_Right_1,VPWR,li1,122.1300,13.6000,1.799941
PHY_EDGE_ROW_0_Right_0,VPWR,li1,122.1300,13.6000,1.799941
_720_,VPWR,li1,66.9300,13.6000,1.799941
_719_,VPWR,li1,117.5300,111.5200,1.799937
_694_,VPWR,li1,56.1200,68.0000,1.799931
_693_,VPWR,li1,61.1800,62.5600,1.799939
_692_,VPWR,li1,52.2100,57.1200,1.799928
_691_,VPWR,li1,43.2400,40.8000,1.799977
_690_,VPWR,li1,64.8600,46.2400,1.799879
_689_,VPWR,li1,74.5200,100.6400,1.799915
_688_,VPWR,li1,65.3200,100.6400,1.799918
_687_,VPWR,li1,79.5800,100.6400,1.799914
_686_,VPWR,li1,86.0200,89.7600,1.799846
_685_,VPWR,li1,86.4800,78.8800,1.799927
_684_,VPWR,li1,87.8600,73.4400,1.799752
_683_,VPWR,li1,87.8600,62.5600,1.799930
_682_,VPWR,li1,86.0200,57.1200,1.799910
_681_,VPWR,li1,87.8600,46.2400,1.799870
_680_,VPWR,li1,74.9800,19.0400,1.799899
_679_,VPWR,li1,74.9800,19.0400,1.799899
_678_,VPWR,li1,65.3200,19.0400,1.799902
_677_,VPWR,li1,62.1000,19.0400,1.799903
_676_,VPWR,li1,49.2200,35.3600,1.799931
_675_,VPWR,li1,26.2200,19.0400,1.799962
_674_,VPWR,li1,35.6500,19.0400,1.799939
_673_,VPWR,li1,41.4000,19.0400,1.799928
_672_,VPWR,li1,23.4600,13.6000,1.799982
_671_,VPWR,li1,14.2600,24.4800,1.799991
_670_,VPWR,li1,12.4200,29.9200,1.799931
_669_,VPWR,li1,12.4200,40.8000,1.799982
_668_,VPWR,li1,13.8000,40.8000,1.799982
_667_,VPWR,li1,41.8600,13.6000,1.799961
_666_,VPWR,li1,26.2200,62.5600,1.799975
_665_,VPWR,li1,21.8500,51.6800,1.799952
_664_,VPWR,li1,13.8000,51.6800,1.799949
_663_,VPWR,li1,16.5600,57.1200,1.799974
_662_,VPWR,li1,17.9400,68.0000,1.799978
_661_,VPWR,li1,17.0200,78.8800,1.799976
_660_,VPWR,li1,17.9400,84.3200,1.799954
_659_,VPWR,li1,28.5200,78.8800,1.799963
_658_,VPWR,li1,39.5600,78.8800,1.799948
_657_,VPWR,li1,39.1000,73.4400,1.799834
_656_,VPWR,li1,39.5600,68.0000,1.799948
_655_,VPWR,li1,39.5600,62.5600,1.799956
_654_,VPWR,li1,36.3400,57.1200,1.799949
_653_,VPWR,li1,34.5000,51.6800,1.799898
_652_,VPWR,li1,46.2300,46.2400,1.799906
_651_,VPWR,li1,50.3700,19.0400,1.799916
_650_,VPWR,li1,54.2800,46.2400,1.799892
_649_,VPWR,li1,97.5200,100.6400,1.799913
_648_,VPWR,li1,88.3200,100.6400,1.799914
_647_,VPWR,li1,88.3200,95.2000,1.799915
_646_,VPWR,li1,89.2400,84.3200,1.799782
_645_,VPWR,li1,100.7400,78.8800,1.799927
_644_,VPWR,li1,100.7400,73.4400,1.799752
_643_,VPWR,li1,88.3200,62.5600,1.799930
_642_,VPWR,li1,95.2200,51.6800,1.799856
_641_,VPWR,li1,91.0800,46.2400,1.799870
_640_,VPWR,li1,87.8600,19.0400,1.799899
_639_,VPWR,li1,87.8600,13.6000,1.799941
_638_,VPWR,li1,86.9400,19.0400,1.799899
_637_,VPWR,li1,114.5400,106.0800,1.799907
_636_,VPWR,li1,115.9200,95.2000,1.799915
_635_,VPWR,li1,114.5400,89.7600,1.799845
_634_,VPWR,li1,113.6200,84.3200,1.799782
_633_,VPWR,li1,116.8400,78.8800,1.799927
_632_,VPWR,li1,115.9200,68.0000,1.799918
_631_,VPWR,li1,113.6200,57.1200,1.799910
_630_,VPWR,li1,116.3800,51.6800,1.799856
_629_,VPWR,li1,116.8400,40.8000,1.799964
_628_,VPWR,li1,109.4800,35.3600,1.799898
_627_,VPWR,li1,109.9400,29.9200,1.799714
_626_,VPWR,li1,116.8400,24.4800,1.799980
_625_,VPWR,li1,113.6200,106.0800,1.799907
_624_,VPWR,li1,103.9600,106.0800,1.799907
_623_,VPWR,li1,101.2000,95.2000,1.799915
_622_,VPWR,li1,100.7400,84.3200,1.799782
_621_,VPWR,li1,113.6200,73.4400,1.799752
_620_,VPWR,li1,104.4200,68.0000,1.799918
_619_,VPWR,li1,101.2000,57.1200,1.799910
_618_,VPWR,li1,103.9600,46.2400,1.799870
_617_,VPWR,li1,109.4800,40.8000,1.799964
_616_,VPWR,li1,102.1200,19.0400,1.799899
_615_,VPWR,li1,103.0400,13.6000,1.799941
_614_,VPWR,li1,115.9200,19.0400,1.799899
_613_,VPWR,li1,97.9800,122.4000,1.799903
_612_,VPWR,li1,38.6400,35.3600,1.799949
_611_,VPWR,li1,14.7200,100.6400,1.799969
_610_,VPWR,li1,13.8000,100.6400,1.799969
_609_,VPWR,li1,18.8600,95.2000,1.799965
_608_,VPWR,li1,13.8000,106.0800,1.799962
_607_,VPWR,li1,17.4800,116.9600,1.799974
_606_,VPWR,li1,13.3400,116.9600,1.799973
_605_,VPWR,li1,17.9400,111.5200,1.799987
_604_,VPWR,li1,17.4800,122.4000,1.799977
_603_,VPWR,li1,32.2000,100.6400,1.799953
_602_,VPWR,li1,26.6800,100.6400,1.799962
_601_,VPWR,li1,36.3400,100.6400,1.799946
_600_,VPWR,li1,32.6600,106.0800,1.799928
_599_,VPWR,li1,31.2800,116.9600,1.799961
_598_,VPWR,li1,26.6800,116.9600,1.799968
_597_,VPWR,li1,36.3400,116.9600,1.799956
_596_,VPWR,li1,31.2800,122.4000,1.799962
_595_,VPWR,li1,46.9200,116.9600,1.799946
_594_,VPWR,li1,49.2200,116.9600,1.799945
_593_,VPWR,li1,49.2200,122.4000,1.799934
_592_,VPWR,li1,49.2200,122.4000,1.799934
_591_,VPWR,li1,50.6000,100.6400,1.799929
_590_,VPWR,li1,46.9200,95.2000,1.799918
_589_,VPWR,li1,55.2000,100.6400,1.799924
_588_,VPWR,li1,51.0600,106.0800,1.799909
_587_,VPWR,li1,64.8600,111.5200,1.799951
_586_,VPWR,li1,59.8000,122.4000,1.799923
_585_,VPWR,li1,70.8400,122.4000,1.799913
_584_,VPWR,li1,76.8200,122.4000,1.799909
_583_,VPWR,li1,81.8800,111.5200,1.799941
_582_,VPWR,li1,95.6800,111.5200,1.799937
_581_,VPWR,li1,100.9700,116.9600,1.799930
_580_,VPWR,li1,87.8600,122.4000,1.799906
_579_,VPWR,li1,50.6000,29.9200,1.799779
_578_,VPWR,li1,88.0900,35.3600,1.799898
_577_,VPWR,li1,55.2000,24.4800,1.799981
_576_,VPWR,li1,95.2200,29.9200,1.799714
_575_,VPWR,li1,90.8500,35.3600,1.799898
_574_,VPWR,li1,59.8000,73.4400,1.799769
_573_,VPWR,li1,56.5800,84.3200,1.799826
_572_,VPWR,li1,62.1000,89.7600,1.799864
_571_,VPWR,li1,73.1400,89.7600,1.799851
_570_,VPWR,li1,76.3600,84.3200,1.799783
_569_,VPWR,li1,73.1400,73.4400,1.799756
_568_,VPWR,li1,74.9800,68.0000,1.799919
_567_,VPWR,li1,73.6000,57.1200,1.799912
_566_,VPWR,li1,76.3600,51.6800,1.799857
_565_,VPWR,li1,78.6600,35.3600,1.799901
_564_,VPWR,li1,74.9800,29.9200,1.799716
_563_,VPWR,li1,62.1000,29.9200,1.799741
_562_,VPWR,li1,28.0600,73.4400,1.799902
_561_,VPWR,li1,38.6400,89.7600,1.799913
_560_,VPWR,li1,26.2200,89.7600,1.799953
_559_,VPWR,li1,39.5600,89.7600,1.799913
_558_,VPWR,li1,51.9800,78.8800,1.799941
_557_,VPWR,li1,48.7600,89.7600,1.799889
_556_,VPWR,li1,58.6500,13.6000,1.799948
_555_,VPWR,li1,49.9100,68.0000,1.799937
_554_,VPWR,li1,50.1400,62.5600,1.799946
_553_,VPWR,li1,54.9700,62.5600,1.799943
_552_,VPWR,li1,55.6600,62.5600,1.799943
_551_,VPWR,li1,48.0700,57.1200,1.799933
_550_,VPWR,li1,47.3800,62.5600,1.799949
_549_,VPWR,li1,38.8700,46.2400,1.799927
_548_,VPWR,li1,38.1800,46.2400,1.799927
_547_,VPWR,li1,59.5700,51.6800,1.799868
_546_,VPWR,li1,58.8800,46.2400,1.799886
_545_,VPWR,li1,46.0000,35.3600,1.799935
_544_,VPWR,li1,34.5000,40.8000,1.799982
_543_,VPWR,li1,27.6000,40.8000,1.799984
_542_,VPWR,li1,33.5800,40.8000,1.799982
_541_,VPWR,li1,29.4400,40.8000,1.799983
_540_,VPWR,li1,32.8900,24.4800,1.799989
_539_,VPWR,li1,23.0000,19.0400,1.799968
_538_,VPWR,li1,24.3800,24.4800,1.799992
_537_,VPWR,li1,30.3600,19.0400,1.799950
_536_,VPWR,li1,29.4400,24.4800,1.799989
_535_,VPWR,li1,23.2300,24.4800,1.799992
_534_,VPWR,li1,16.5600,29.9200,1.799932
_533_,VPWR,li1,20.4700,29.9200,1.799933
_532_,VPWR,li1,17.0200,35.3600,1.799980
_531_,VPWR,li1,23.2300,35.3600,1.799976
_530_,VPWR,li1,23.9200,29.9200,1.799911
_529_,VPWR,li1,20.9300,24.4800,1.799993
_528_,VPWR,li1,24.8400,40.8000,1.799986
_527_,VPWR,li1,21.3900,35.3600,1.799980
_526_,VPWR,li1,28.2900,40.8000,1.799984
_525_,VPWR,li1,31.2800,40.8000,1.799982
_524_,VPWR,li1,25.0700,35.3600,1.799972
_523_,VPWR,li1,25.9900,57.1200,1.799969
_522_,VPWR,li1,22.7700,51.6800,1.799952
_521_,VPWR,li1,18.6300,46.2400,1.799973
_520_,VPWR,li1,19.5500,62.5600,1.799982
_519_,VPWR,li1,20.9300,73.4400,1.799940
_518_,VPWR,li1,16.3300,84.3200,1.799954
_517_,VPWR,li1,21.8500,84.3200,1.799957
_516_,VPWR,li1,33.8100,78.8800,1.799956
_515_,VPWR,li1,40.2500,78.8800,1.799948
_514_,VPWR,li1,40.7100,73.4400,1.799834
_513_,VPWR,li1,41.1700,62.5600,1.799953
_512_,VPWR,li1,43.0100,57.1200,1.799939
_511_,VPWR,li1,35.1900,57.1200,1.799949
_510_,VPWR,li1,41.1700,51.6800,1.799885
_509_,VPWR,li1,46.6900,46.2400,1.799906
_508_,VPWR,li1,48.5300,13.6000,1.799956
_507_,VPWR,li1,33.3500,24.4800,1.799988
_506_,VPWR,li1,37.9500,24.4800,1.799986
_505_,VPWR,li1,34.7300,24.4800,1.799988
_504_,VPWR,li1,98.6700,100.6400,1.799913
_503_,VPWR,li1,90.8500,100.6400,1.799914
_502_,VPWR,li1,94.9900,95.2000,1.799915
_501_,VPWR,li1,95.9100,84.3200,1.799782
_500_,VPWR,li1,100.0500,73.4400,1.799752
_499_,VPWR,li1,98.2100,68.0000,1.799918
_498_,VPWR,li1,90.8500,57.1200,1.799910
_497_,VPWR,li1,98.2100,51.6800,1.799856
_496_,VPWR,li1,98.2100,46.2400,1.799870
_495_,VPWR,li1,89.9300,24.4800,1.799980
_494_,VPWR,li1,94.5300,13.6000,1.799941
_493_,VPWR,li1,93.6100,19.0400,1.799899
_492_,VPWR,li1,98.4400,35.3600,1.799898
_491_,VPWR,li1,112.7000,111.5200,1.799937
_490_,VPWR,li1,113.3900,95.2000,1.799915
_489_,VPWR,li1,110.1700,95.2000,1.799915
_488_,VPWR,li1,108.7900,89.7600,1.799845
_487_,VPWR,li1,113.3900,78.8800,1.799927
_486_,VPWR,li1,112.9300,62.5600,1.799930
_485_,VPWR,li1,109.7100,57.1200,1.799910
_484_,VPWR,li1,112.4700,51.6800,1.799856
_483_,VPWR,li1,113.3900,46.2400,1.799870
_482_,VPWR,li1,103.2700,35.3600,1.799898
_481_,VPWR,li1,106.4900,24.4800,1.799980
_480_,VPWR,li1,116.1500,29.9200,1.799714
_479_,VPWR,li1,110.8600,100.6400,1.799913
_478_,VPWR,li1,114.0800,100.6400,1.799913
_477_,VPWR,li1,103.9600,100.6400,1.799913
_476_,VPWR,li1,107.1800,100.6400,1.799913
_475_,VPWR,li1,99.8200,89.7600,1.799845
_474_,VPWR,li1,107.1800,95.2000,1.799915
_473_,VPWR,li1,99.8200,84.3200,1.799782
_472_,VPWR,li1,103.0400,84.3200,1.799782
_471_,VPWR,li1,109.9400,73.4400,1.799752
_470_,VPWR,li1,107.1800,73.4400,1.799752
_469_,VPWR,li1,102.5800,62.5600,1.799930
_468_,VPWR,li1,105.3400,68.0000,1.799918
_467_,VPWR,li1,100.2800,57.1200,1.799910
_466_,VPWR,li1,107.1800,57.1200,1.799910
_465_,VPWR,li1,103.5000,46.2400,1.799870
_464_,VPWR,li1,110.4000,46.2400,1.799870
_463_,VPWR,li1,105.8000,40.8000,1.799964
_462_,VPWR,li1,106.7200,35.3600,1.799898
_461_,VPWR,li1,100.2800,19.0400,1.799899
_460_,VPWR,li1,107.1800,19.0400,1.799899
_459_,VPWR,li1,103.9600,19.0400,1.799899
_458_,VPWR,li1,108.1000,19.0400,1.799899
_457_,VPWR,li1,112.7000,13.6000,1.799941
_456_,VPWR,li1,114.5400,19.0400,1.799899
_455_,VPWR,li1,91.3100,122.4000,1.799905
_454_,VPWR,li1,43.0100,29.9200,1.799811
_453_,VPWR,li1,94.7600,29.9200,1.799714
_452_,VPWR,li1,94.7600,35.3600,1.799898
_451_,VPWR,li1,113.6200,29.9200,1.799714
_450_,VPWR,li1,115.6900,35.3600,1.799898
_449_,VPWR,li1,115.4600,57.1200,1.799910
_448_,VPWR,li1,115.4600,89.7600,1.799845
_447_,VPWR,li1,60.0300,78.8800,1.799937
_446_,VPWR,li1,67.3900,73.4400,1.799761
_445_,VPWR,li1,60.9500,73.4400,1.799766
_444_,VPWR,li1,59.8000,78.8800,1.799937
_443_,VPWR,li1,56.3500,89.7600,1.799877
_442_,VPWR,li1,53.5900,89.7600,1.799883
_441_,VPWR,li1,62.7900,89.7600,1.799864
_440_,VPWR,li1,55.6600,84.3200,1.799835
_439_,VPWR,li1,59.5700,89.7600,1.799868
_438_,VPWR,li1,68.3100,95.2000,1.799915
_437_,VPWR,li1,61.8700,95.2000,1.799915
_436_,VPWR,li1,68.5400,84.3200,1.799793
_435_,VPWR,li1,77.9700,89.7600,1.799849
_434_,VPWR,li1,78.8900,89.7600,1.799849
_433_,VPWR,li1,75.2100,84.3200,1.799783
_432_,VPWR,li1,78.2000,84.3200,1.799783
_431_,VPWR,li1,74.2900,78.8800,1.799931
_430_,VPWR,li1,77.0500,78.8800,1.799930
_429_,VPWR,li1,71.9900,78.8800,1.799932
_428_,VPWR,li1,78.2000,78.8800,1.799930
_427_,VPWR,li1,72.9100,73.4400,1.799756
_426_,VPWR,li1,75.6700,73.4400,1.799755
_425_,VPWR,li1,75.2100,78.8800,1.799931
_424_,VPWR,li1,74.0600,68.0000,1.799921
_423_,VPWR,li1,72.4500,62.5600,1.799934
_422_,VPWR,li1,75.2100,62.5600,1.799933
_421_,VPWR,li1,68.3100,62.5600,1.799936
_420_,VPWR,li1,73.6000,62.5600,1.799934
_419_,VPWR,li1,72.9100,57.1200,1.799912
_418_,VPWR,li1,67.8500,57.1200,1.799917
_417_,VPWR,li1,68.3100,57.1200,1.799915
_416_,VPWR,li1,75.4400,51.6800,1.799857
_415_,VPWR,li1,78.2000,57.1200,1.799911
_414_,VPWR,li1,79.3500,46.2400,1.799872
_413_,VPWR,li1,71.5300,46.2400,1.799875
_412_,VPWR,li1,77.9700,35.3600,1.799901
_411_,VPWR,li1,81.1900,29.9200,1.799714
_410_,VPWR,li1,75.6700,35.3600,1.799903
_409_,VPWR,li1,74.7500,40.8000,1.799964
_408_,VPWR,li1,84.1800,29.9200,1.799714
_407_,VPWR,li1,74.2900,29.9200,1.799716
_406_,VPWR,li1,72.2200,35.3600,1.799905
_405_,VPWR,li1,72.9100,35.3600,1.799905
_404_,VPWR,li1,68.0800,29.9200,1.799721
_403_,VPWR,li1,61.1800,35.3600,1.799917
_402_,VPWR,li1,63.2500,40.8000,1.799968
_401_,VPWR,li1,63.7100,46.2400,1.799879
_400_,VPWR,li1,64.4000,35.3600,1.799914
_399_,VPWR,li1,58.6500,35.3600,1.799921
_398_,VPWR,li1,55.8900,29.9200,1.799766
_397_,VPWR,li1,35.4200,35.3600,1.799952
_396_,VPWR,li1,33.5800,29.9200,1.799850
_395_,VPWR,li1,23.9200,29.9200,1.799911
_394_,VPWR,li1,19.5500,35.3600,1.799980
_393_,VPWR,li1,66.2400,40.8000,1.799966
_392_,VPWR,li1,66.4700,46.2400,1.799877
_391_,VPWR,li1,60.9500,46.2400,1.799881
_390_,VPWR,li1,77.0500,40.8000,1.799964
_389_,VPWR,li1,61.8700,51.6800,1.799865
_388_,VPWR,li1,46.4600,29.9200,1.799795
_387_,VPWR,li1,38.6400,29.9200,1.799825
_386_,VPWR,li1,30.1300,29.9200,1.799872
_385_,VPWR,li1,27.3700,24.4800,1.799991
_384_,VPWR,li1,29.6700,68.0000,1.799967
_383_,VPWR,li1,28.5200,68.0000,1.799967
_382_,VPWR,li1,33.3500,84.3200,1.799918
_381_,VPWR,li1,29.9000,84.3200,1.799926
_380_,VPWR,li1,25.0700,84.3200,1.799945
_379_,VPWR,li1,25.3000,84.3200,1.799945
_378_,VPWR,li1,33.3500,89.7600,1.799930
_377_,VPWR,li1,36.3400,84.3200,1.799902
_376_,VPWR,li1,52.6700,73.4400,1.799778
_375_,VPWR,li1,46.0000,78.8800,1.799945
_374_,VPWR,li1,46.2300,89.7600,1.799895
_373_,VPWR,li1,45.5400,84.3200,1.799867
_372_,VPWR,li1,61.4100,35.3600,1.799917
_371_,VPWR,li1,117.3000,100.6400,1.799913
_370_,VPWR,li1,115.0000,100.6400,1.799913
_369_,VPWR,li1,112.7000,89.7600,1.799845
_368_,VPWR,li1,106.7200,78.8800,1.799927
_367_,VPWR,li1,117.3000,68.0000,1.799918
_366_,VPWR,li1,116.3800,62.5600,1.799930
_365_,VPWR,li1,112.7000,57.1200,1.799910
_364_,VPWR,li1,116.8400,46.2400,1.799870
_363_,VPWR,li1,117.3000,35.3600,1.799898
_362_,VPWR,li1,111.3200,19.0400,1.799899
_361_,VPWR,li1,115.9200,13.6000,1.799941
_360_,VPWR,li1,117.3000,19.0400,1.799899
_359_,VPWR,li1,61.1800,116.9600,1.799941
_358_,VPWR,li1,60.9500,116.9600,1.799941
_357_,VPWR,li1,62.7900,116.9600,1.799941
_356_,VPWR,li1,65.5500,122.4000,1.799918
_355_,VPWR,li1,68.3100,122.4000,1.799915
_354_,VPWR,li1,68.3100,116.9600,1.799940
_353_,VPWR,li1,70.6100,116.9600,1.799939
_352_,VPWR,li1,73.3700,116.9600,1.799938
_351_,VPWR,li1,76.1300,116.9600,1.799937
_350_,VPWR,li1,78.4300,116.9600,1.799936
_349_,VPWR,li1,79.3500,116.9600,1.799936
_348_,VPWR,li1,82.5700,116.9600,1.799936
_347_,VPWR,li1,85.7900,116.9600,1.799934
_346_,VPWR,li1,93.6100,116.9600,1.799932
_345_,VPWR,li1,91.0800,116.9600,1.799933
_344_,VPWR,li1,90.1600,111.5200,1.799939
_343_,VPWR,li1,88.5500,116.9600,1.799933
_342_,VPWR,li1,93.1500,116.9600,1.799932
_341_,VPWR,li1,91.3100,116.9600,1.799933
_340_,VPWR,li1,84.6400,122.4000,1.799907
_339_,VPWR,li1,56.3500,116.9600,1.799943
_338_,VPWR,li1,59.1100,111.5200,1.799955
_337_,VPWR,li1,57.0400,106.0800,1.799908
_336_,VPWR,li1,54.2800,116.9600,1.799943
_335_,VPWR,li1,35.8800,111.5200,1.799977
_334_,VPWR,li1,20.7000,100.6400,1.799973
_333_,VPWR,li1,22.0800,116.9600,1.799977
_332_,VPWR,li1,37.2600,116.9600,1.799956
_331_,VPWR,li1,38.6400,106.0800,1.799915
_330_,VPWR,li1,64.4000,111.5200,1.799951
_329_,VPWR,li1,71.5300,116.9600,1.799938
_328_,VPWR,li1,67.6200,111.5200,1.799949
_327_,VPWR,li1,80.7300,111.5200,1.799941
_326_,VPWR,li1,70.6100,111.5200,1.799948
_325_,VPWR,li1,78.2000,40.8000,1.799964
_324_,VPWR,li1,53.3600,46.2400,1.799892
_323_,VPWR,li1,53.5900,40.8000,1.799972
_322_,VPWR,li1,56.1200,51.6800,1.799871
_321_,VPWR,li1,27.6000,51.6800,1.799927
_320_,VPWR,li1,27.8300,46.2400,1.799956
_319_,VPWR,li1,27.6000,46.2400,1.799956
_318_,VPWR,li1,76.5900,106.0800,1.799907
_317_,VPWR,li1,67.8500,100.6400,1.799917
_316_,VPWR,li1,86.2500,100.6400,1.799914
_315_,VPWR,li1,87.6300,89.7600,1.799846
_314_,VPWR,li1,88.0900,78.8800,1.799927
_313_,VPWR,li1,87.6300,73.4400,1.799752
_312_,VPWR,li1,87.1700,68.0000,1.799918
_311_,VPWR,li1,87.6300,51.6800,1.799856
_310_,VPWR,li1,88.0900,40.8000,1.799964
_309_,VPWR,li1,77.0500,24.4800,1.799980
_308_,VPWR,li1,76.5900,13.6000,1.799941
_307_,VPWR,li1,67.3900,13.6000,1.799941
_306_,VPWR,li1,51.2900,29.9200,1.799779
_305_,VPWR,li1,30.1300,29.9200,1.799872
_304_,VPWR,li1,55.4300,19.0400,1.799910
_303_,VPWR,li1,83.9500,46.2400,1.799871
_302_,VPWR,li1,58.8800,29.9200,1.799751
_301_,VPWR,li1,101.4300,51.6800,1.799856
_300_,VPWR,li1,102.3500,89.7600,1.799845
_299_,VPWR,li1,101.2000,29.9200,1.799714
_298_,VPWR,li1,99.5900,40.8000,1.799964
_297_,VPWR,li1,97.7500,29.9200,1.799714
_296_,VPWR,li1,56.3500,29.9200,1.799759
_295_,VPWR,li1,23.2300,68.0000,1.799979
_294_,VPWR,li1,31.9700,84.3200,1.799918
_293_,VPWR,li1,27.3700,84.3200,1.799936
_292_,VPWR,li1,33.3500,84.3200,1.799918
_291_,VPWR,li1,48.5300,78.8800,1.799943
_290_,VPWR,li1,47.6100,84.3200,1.799860
_289_,VPWR,li1,50.3700,68.0000,1.799937
_288_,VPWR,li1,52.6700,62.5600,1.799944
_287_,VPWR,li1,36.1100,40.8000,1.799980
_286_,VPWR,li1,64.6300,116.9600,1.799940
_285_,VPWR,li1,40.2500,46.2400,1.799922
_284_,VPWR,li1,46.6900,57.1200,1.799936
_283_,VPWR,li1,56.3500,46.2400,1.799889
_282_,VPWR,li1,63.2500,51.6800,1.799865
